t,segment,I,M,Wd0,Wd1,W12m,W21m,a1,a2,o1,o2,alpha,phi
0,before,0.0,1.0,1.078073235625366,0.21853626387456734,0.21853626387456734,-0.21853626387456734,0.1,0.0,0.09966799462495582,0.0,1.1,0.2
1,before,0.0,1.0,1.078073235625366,0.21853626387456734,0.21853626387456734,-0.21853626387456734,0.1074493974536177,-0.021781071173208304,0.10703778378462248,-0.021777627403977512,1.1,0.2
2,before,0.0,1.0,1.078073235625366,0.21853626387456734,0.21853626387456734,-0.21853626387456734,0.11063536856993865,-0.046869514601354814,0.11018616863976179,-0.046835224507840875,1.1,0.2
3,before,0.0,1.0,1.078073235625366,0.21853626387456734,0.21853626387456734,-0.21853626387456734,0.10855356436496011,-0.074571475651595,0.10812917072751052,-0.07443355413406107,1.1,0.2
4,before,0.0,1.0,1.078073235625366,0.21853626387456734,0.21853626387456734,-0.21853626387456734,0.1003047341243318,-0.10387496753104843,0.09996969243655074,-0.1035029690546635,1.1,0.2
5,before,0.0,1.0,1.078073235625366,0.21853626387456734,0.21853626387456734,-0.21853626387456734,0.08515549763241381,-0.13343078383136658,0.08495025906323395,-0.13264452552650913,1.1,0.2
6,before,0.0,1.0,1.078073235625366,0.21853626387456734,0.21853626387456734,-0.21853626387456734,0.0625949616235357,-0.16156522505321091,0.06251333783010979,-0.16017395361052206,1.1,0.2
7,before,0.0,1.0,1.078073235625366,0.21853626387456734,0.21853626387456734,-0.21853626387456734,0.0323901389921863,-0.18634068372352364,0.03237881668409283,-0.18421346420050583,1.1,0.2
8,before,0.0,1.0,1.078073235625366,0.21853626387456734,0.21853626387456734,-0.21853626387456734,-0.005350586553429369,-0.205671551023218,-0.0053505354937652795,-0.20281977151160666,1.1,0.2
9,before,0.0,1.0,1.078073235625366,0.21853626387456734,0.21853626387456734,-0.21853626387456734,-0.050091744218131826,-0.21748528128577946,-0.050049889777488143,-0.21411993228742257,1.1,0.2
10,before,0.0,1.0,1.078073235625366,0.21853626387456734,0.21853626387456734,-0.21853626387456734,-0.10075041663827825,-0.21989925229367974,-0.10041090113930497,-0.21642203475195573,1.1,0.2
11,before,0.0,1.0,1.078073235625366,0.21853626387456734,0.21853626387456734,-0.21853626387456734,-0.15554636797813343,-0.21137538007840406,-0.15430392630013387,-0.20828258975573544,1.1,0.2
12,before,0.0,1.0,1.078073235625366,0.21853626387456734,0.21853626387456734,-0.21853626387456734,-0.21186823209142097,-0.19082288190758856,-0.208754012610631,-0.18853995950104202,1.1,0.2
13,before,0.0,1.0,1.078073235625366,0.21853626387456734,0.21853626387456734,-0.21853626387456734,-0.26625493216534135,-0.1576395621992122,-0.26013661497642865,-0.15634661944239137,1.1,0.2
14,before,0.0,1.0,1.078073235625366,0.21853626387456734,0.21853626387456734,-0.21853626387456734,-0.31461372829462747,-0.11170382196742107,-0.3046285393801388,-0.11124152530589482,1.1,0.2
15,before,0.0,1.0,1.078073235625366,0.21853626387456734,0.21853626387456734,-0.21853626387456734,-0.35272218244143383,-0.05335412825672502,-0.33878750137124536,-0.05330355876336213,1.1,0.2
16,before,0.0,1.0,1.078073235625366,0.21853626387456734,0.21853626387456734,-0.21853626387456734,-0.3768864983760952,0.016572214730707184,-0.3600005197922409,0.016570697775719612,1.1,0.2
17,before,0.0,1.0,1.078073235625366,0.21853626387456734,0.21853626387456734,-0.21853626387456734,-0.38448562681753434,0.09653759435593866,-0.36659662647193625,0.09623881383529437,1.1,0.2
18,before,0.0,1.0,1.078073235625366,0.21853626387456734,0.21853626387456734,-0.21853626387456734,-0.37418634045465876,0.1838671465223603,-0.35764802230058623,0.1818227810355687,1.1,0.2
19,before,0.0,1.0,1.078073235625366,0.21853626387456734,0.21853626387456734,-0.21853626387456734,-0.3458358893618093,0.27417733643711606,-0.332677438017976,0.2675075567265489,1.1,0.2
20,before,0.0,1.0,1.078073235625366,0.21853626387456734,0.21853626387456734,-0.21853626387456734,-0.30019054001836265,0.3610948216142381,-0.29148697298481197,0.3461780181490449,1.1,0.2
21,before,0.0,1.0,1.078073235625366,0.21853626387456734,0.21853626387456734,-0.21853626387456734,-0.23859185338658545,0.43690573017252526,-0.234165255940299,0.41107632846008074,1.1,0.2
22,before,0.0,1.0,1.078073235625366,0.21853626387456734,0.21853626387456734,-0.21853626387456734,-0.16261221015365954,0.49434398767437976,-0.1611939061616656,0.4576573900720936,1.1,0.2
23,before,0.0,1.0,1.078073235625366,0.21853626387456734,0.21853626387456734,-0.21853626387456734,-0.0737640998178576,0.5286148973348002,-0.07363060336869662,0.48432159930862634,1.1,0.2
24,before,0.0,1.0,1.078073235625366,0.21853626387456734,0.21853626387456734,-0.21853626387456734,0.026462650011923716,0.5382251106169279,0.02645647472541475,0.4916432661236209,1.1,0.2
25,before,0.0,1.0,1.078073235625366,0.21853626387456734,0.21853626387456734,-0.21853626387456734,0.13596389984821436,0.5242457475415309,0.13513223125595603,0.4809702392737243,1.1,0.2
26,before,0.0,1.0,1.078073235625366,0.21853626387456734,0.21853626387456734,-0.21853626387456734,0.2507918809131201,0.48898984914561977,0.2456628977231931,0.4534143208866122,1.1,0.2
27,before,0.0,1.0,1.078073235625366,0.21853626387456734,0.21853626387456734,-0.21853626387456734,0.36393006669533057,0.4351275921560814,0.3486710360943449,0.4095975875419432,1.1,0.2
28,before,0.0,1.0,1.078073235625366,0.21853626387456734,0.21853626387456734,-0.21853626387456734,0.46540483852453146,0.36537893095635426,0.43447904507471247,0.3499431162505428,1.1,0.2
29,before,0.0,1.0,1.078073235625366,0.21853626387456734,0.21853626387456734,-0.21853626387456734,0.5448754911291315,0.28231488037862884,0.49666965408470437,0.2750461987120901,1.1,0.2
30,before,0.0,1.0,1.078073235625366,0.21853626387456734,0.21853626387456734,-0.21853626387456734,0.5955538296754705,0.1879796148084553,0.5338782193761521,0.1857962995179513,1.1,0.2
31,before,0.0,1.0,1.078073235625366,0.21853626387456734,0.21853626387456734,-0.21853626387456734,0.6161630485311304,0.08363026636206644,0.5484508726669487,0.083435839648148,1.1,0.2
32,before,0.0,1.0,1.078073235625366,0.21853626387456734,0.21853626387456734,-0.21853626387456734,0.6095039635475568,-0.02990645901478292,0.5437778318054787,-0.029897546128092502,1.1,0.2
33,before,0.0,1.0,1.078073235625366,0.21853626387456734,0.21853626387456734,-0.21853626387456734,0.5796986285660276,-0.1510669200321535,0.5224463521427539,-0.14992813741120672,1.1,0.2
34,before,0.0,1.0,1.078073235625366,0.21853626387456734,0.21853626387456734,-0.21853626387456734,0.5304706942956903,-0.2758069860823581,0.4857408095609839,-0.2690199275186536,1.1,0.2
35,before,0.0,1.0,1.078073235625366,0.21853626387456734,0.21853626387456734,-0.21853626387456734,0.4648735563709611,-0.3961751654406015,0.43404795466895735,-0.37667153854852176,1.1,0.2
36,before,0.0,1.0,1.078073235625366,0.21853626387456734,0.21853626387456734,-0.21853626387456734,0.385619092164256,-0.5009347226867411,0.36757735397585406,-0.4628519501891236,1.1,0.2
37,before,0.0,1.0,1.078073235625366,0.21853626387456734,0.21853626387456734,-0.21853626387456734,0.29512537142197104,-0.5793172811786816,0.28684535135533834,-0.522169038360804,1.1,0.2
38,before,0.0,1.0,1.078073235625366,0.21853626387456734,0.21853626387456734,-0.21853626387456734,0.19512742530539884,-0.6256225761240011,0.19268809577471227,-0.5550306571296366,1.1,0.2
39,before,0.0,1.0,1.078073235625366,0.21853626387456734,0.21853626387456734,-0.21853626387456734,0.08643755273337769,-0.6404730329467309,0.08622292284967449,-0.5652215494708028,1.1,0.2
40,before,0.0,1.0,1.078073235625366,0.21853626387456734,0.21853626387456734,-0.21853626387456734,-0.03056678026111831,-0.6281930601030842,-0.0305572640174981,-0.5568067424584815,1.1,0.2
41,before,0.0,1.0,1.078073235625366,0.21853626387456734,0.21853626387456734,-0.21853626387456734,-0.15462543368824772,-0.5936005761476222,-0.15340479166471332,-0.5324802377600792,1.1,0.2
42,before,0.0,1.0,1.078073235625366,0.21853626387456734,0.21853626387456734,-0.21853626387456734,-0.2817478418575417,-0.54052818279771,-0.27452197518576316,-0.4933876773220398,1.1,0.2
43,before,0.0,1.0,1.078073235625366,0.21853626387456734,0.21853626387456734,-0.21853626387456734,-0.4037778936824913,-0.4719150428996921,-0.38317682596566094,-0.4397453345361805,1.1,0.2
44,before,0.0,1.0,1.078073235625366,0.21853626387456734,0.21853626387456734,-0.21853626387456734,-0.5091929830512665,-0.39033964370472823,-0.46931617203458914,-0.37165299491693266,1.1,0.2
45,before,0.0,1.0,1.078073235625366,0.21853626387456734,0.21853626387456734,-0.21853626387456734,-0.5871768610835804,-0.2981065439476025,-0.5278621393633447,-0.28957888660262043,1.1,0.2
46,before,0.0,1.0,1.078073235625366,0.21853626387456734,0.21853626387456734,-0.21853626387456734,-0.6323575325226625,-0.19683022747117643,-0.5596734240320518,-0.194327135736808,1.1,0.2
47,before,0.0,1.0,1.078073235625366,0.21853626387456734,0.21853626387456734,-0.21853626387456734,-0.6458364653531294,-0.08718994491573917,-0.5688604309020187,-0.08696967286813247,1.1,0.2
48,before,0.0,1.0,1.078073235625366,0.21853626387456734,0.21853626387456734,-0.21853626387456734,-0.6322792327407742,0.030556956605176475,-0.5596196480743115,0.030547449531413647,1.1,0.2
49,before,0.0,1.0,1.078073235625366,0.21853626387456734,0.21853626387456734,-0.21853626387456734,-0.5966352392275095,0.15522957483739394,-0.5346509527080407,0.15399466080226512,1.1,0.2
50,before,0.0,1.0,1.078073235625366,0.21853626387456734,0.21853626387456734,-0.21853626387456734,-0.5427394646877837,0.2828581439219219,-0.49505883777346404,0.27554828907179224,1.1,0.2
51,before,0.0,1.0,1.078073235625366,0.21853626387456734,0.21853626387456734,-0.21853626387456734,-0.47349238945259275,0.4052495443757591,-0.4410167772201008,0.38443169378227326,1.1,0.2
52,before,0.0,1.0,1.078073235625366,0.21853626387456734,0.21853626387456734,-0.21853626387456734,-0.3914361179085955,0.5108236787924785,-0.3725976322554778,0.47058672103999727,1.1,0.2
53,before,0.0,1.0,1.078073235625366,0.21853626387456734,0.21853626387456734,-0.21853626387456734,-0.298847271146949,0.5887530434755434,-0.29025735377804107,0.5289981906119499,1.1,0.2
54,before,0.0,1.0,1.078073235625366,0.21853626387456734,0.21853626387456734,-0.21853626387456734,-0.19731339637880752,0.6337305486497605,-0.19479201503473043,0.560615639727707,1.1,0.2
55,before,0.0,1.0,1.078073235625366,0.21853626387456734,0.21853626387456734,-0.21853626387456734,-0.0874852105467332,0.6469538358617221,-0.08726269765824274,0.5696157374589266,1.1,0.2
56,before,0.0,1.0,1.078073235625366,0.21853626387456734,0.21853626387456734,-0.21853626387456734,0.030406116294610458,0.6331575450673222,0.030396749283729912,0.5602225991660402,1.1,0.2
57,before,0.0,1.0,1.078073235625366,0.21853626387456734,0.21853626387456734,-0.21853626387456734,0.15519887561264947,0.5973181981309872,0.15396468944817085,0.5351385085838525,1.1,0.2
58,before,0.0,1.0,1.078073235625366,0.21853626387456734,0.21853626387456734,-0.21853626387456734,0.2829323812467674,0.5432716354561152,0.275616888386305,0.49546047654682046,1.1,0.2
59,before,0.0,1.0,1.078073235625366,0.21853626387456734,0.21853626387456734,-0.21853626387456734,0.405411272097674,0.4739103940266397,0.3845695115619612,0.44135341958241214,1.1,0.2
60,before,0.0,1.0,1.078073235625366,0.21853626387456734,0.21853626387456734,-0.21853626387456734,0.5110458250162747,0.39176892484671255,0.470759654487748,0.3728842003947487,1.1,0.2
61,before,0.0,1.0,1.078073235625366,0.21853626387456734,0.21853626387456734,-0.21853626387456734,0.5890021039276097,0.29911842035850944,0.5291775305826304,0.2905056393028984,1.1,0.2
62,before,0.0,1.0,1.078073235625366,0.21853626387456734,0.21853626387456734,-0.21853626387456734,0.6339781496632055,0.19754187407079352,0.5607853986769697,0.1950118135992677,1.1,0.2
63,before,0.0,1.0,1.078073235625366,0.21853626387456734,0.21853626387456734,-0.21853626387456734,0.6471848823985291,0.08768507100985855,0.569771797612391,0.08746103276655286,1.1,0.2
64,before,0.0,1.0,1.078073235625366,0.21853626387456734,0.21853626387456734,-0.21853626387456734,0.6333691327554851,-0.03022640132553428,0.5603677629842245,-0.030217199385618593,1.1,0.2
65,before,0.0,1.0,1.078073235625366,0.21853626387456734,0.21853626387456734,-0.21853626387456734,0.5975139335220652,-0.15503703123151216,0.5352781759687399,-0.15380667767240722,1.1,0.2
66,before,0.0,1.0,1.078073235625366,0.21853626387456734,0.21853626387456734,-0.21853626387456734,0.5434567384287757,-0.2827925553688814,0.4956001274319878,-0.2754876793563094,1.1,0.2
67,before,0.0,1.0,1.078073235625366,0.21853626387456734,0.21853626387456734,-0.21853626387456734,0.4740891847669441,-0.4053024940833259,0.4414973718056822,-0.3844768172543486,1.1,0.2
68,before,0.0,1.0,1.078073235625366,0.21853626387456734,0.21853626387456734,-0.21853626387456734,0.3919443729534969,-0.5109773525451927,0.3730352438527916,-0.47070635480155365,1.1,0.2
69,before,0.0,1.0,1.078073235625366,0.21853626387456734,0.21853626387456734,-0.21853626387456734,0.2992929041823284,-0.5889776514354597,0.290665389722378,-0.5291599252661496,1.1,0.2
70,before,0.0,1.0,1.078073235625366,0.21853626387456734,0.21853626387456734,-0.21853626387456734,0.19771794412250243,-0.6339940811025284,0.19518118195888945,-0.5607963198954861,1.1,0.2
71,before,0.0,1.0,1.078073235625366,0.21853626387456734,0.21853626387456734,-0.21853626387456734,0.08786527582303703,-0.6472336694004422,0.08763985629486606,-0.5698047454909223,1.1,0.2
72,before,0.0,1.0,1.078073235625366,0.21853626387456734,0.21853626387456734,-0.21853626387456734,-0.03004081677203653,-0.6334437324072707,-0.03003178324784874,-0.5604189353086673,1.1,0.2
73,before,0.0,1.0,1.078073235625366,0.21853626387456734,0.21853626387456734,-0.21853626387456734,-0.15484832206452695,-0.5976096211854619,-0.15362242735708823,-0.5353464434451718,1.1,0.2
74,before,0.0,1.0,1.078073235625366,0.21853626387456734,0.21853626387456734,-0.21853626387456734,-0.28260883895452404,-0.5435706011435082,-0.2753178972255311,-0.49568601839798704,1.1,0.2
75,before,0.0,1.0,1.078073235625366,0.21853626387456734,0.21853626387456734,-0.21853626387456734,-0.40513822680305644,-0.4742188850711028,-0.3843368235211496,-0.44160178495619545,1.1,0.2
76,before,0.0,1.0,1.078073235625366,0.21853626387456734,0.21853626387456734,-0.21853626387456734,-0.5108492471080881,-0.39208753168393173,-0.47060662696499184,-0.3731584747063547,1.1,0.2
77,before,0.0,1.0,1.078073235625366,0.21853626387456734,0.21853626387456734,-0.21853626387456734,-0.5888970679343474,-0.29944755021616454,-0.5291019034954233,-0.29080696390944505,1.1,0.2
78,before,0.0,1.0,1.078073235625366,0.21853626387456734,0.21853626387456734,-0.21853626387456734,-0.6339624684783274,-0.19788325132543277,-0.5607746488207109,-0.19534018653752747,1.1,0.2
79,before,0.0,1.0,1.078073235625366,0.21853626387456734,0.21853626387456734,-0.21853626387456734,-0.6472450546612944,-0.08804143031932406,-0.5698124341644567,-0.08781465509311127,1.1,0.2
80,before,0.0,1.0,1.078073235625366,0.21853626387456734,0.21853626387456734,-0.21853626387456734,-0.6334902212367239,0.02985405112001724,-0.560450822589346,0.029845184996823707,1.1,0.2
81,before,0.0,1.0,1.078073235625366,0.21853626387456734,0.21853626387456734,-0.21853626387456734,-0.5976847764939429,0.154654124011467,-0.5354000573995924,0.15343280669438417,1.1,0.2
82,before,0.0,1.0,1.078073235625366,0.21853626387456734,0.21853626387456734,-0.21853626387456734,-0.5436698399040057,0.2824161305864319,-0.49576087005337705,0.2751397866934126,1.1,0.2
83,before,0.0,1.0,1.078073235625366,0.21853626387456734,0.21853626387456734,-0.21853626387456734,-0.474338504247667,0.40496256840651024,-0.4416980718548519,0.38418710236201503,1.1,0.2
84,before,0.0,1.0,1.078073235625366,0.21853626387456734,0.21853626387456734,-0.21853626387456734,-0.3922240555150548,0.5107088789127108,-0.3732759819826694,0.47049733897904256,1.1,0.2
85,before,0.0,1.0,1.078073235625366,0.21853626387456734,0.21853626387456734,-0.21853626387456734,-0.29959811505388645,0.5888049270828639,-0.29094478964025894,0.5290355541325114,1.1,0.2
86,before,0.0,1.0,1.078073235625366,0.21853626387456734,0.21853626387456734,-0.21853626387456734,-0.19804633729888493,0.6339210589262491,-0.19549704451244765,0.5607462605970186,1.1,0.2
87,before,0.0,1.0,1.078073235625366,0.21853626387456734,0.21853626387456734,-0.21853626387456734,-0.08821673856022368,0.6472487292329228,-0.08798860877991406,0.5698149156481535,1.1,0.2
88,before,0.0,1.0,1.078073235625366,0.21853626387456734,0.21853626387456734,-0.21853626387456734,0.029667058600212765,0.6335309116466831,0.029658357997342483,0.5604787312965446,1.1,0.2
89,before,0.0,1.0,1.078073235625366,0.21853626387456734,0.21853626387456734,-0.21853626387456734,0.15445880988823485,0.5977556925986722,0.15324208487017787,0.5354506432536943,1.1,0.2
90,before,0.0,1.0,1.078073235625366,0.21853626387456734,0.21853626387456734,-0.21853626387456734,0.2822215733358658,0.5437660547943157,0.27495994817223923,0.4958334338980407,1.1,0.2
91,before,0.0,1.0,1.078073235625366,0.21853626387456734,0.21853626387456734,-0.21853626387456734,0.40478454714160395,0.4744560346249909,0.38403534661017585,0.44179266747503804,1.1,0.2
92,before,0.0,1.0,1.078073235625366,0.21853626387456734,0.21853626387456734,-0.21853626387456734,0.510565947671715,0.3923592006564133,0.47038604062077743,0.3733922908132608,1.1,0.2
93,before,0.0,1.0,1.078073235625366,0.21853626387456734,0.21853626387456734,-0.21853626387456734,0.5887103569989423,0.2997478272186045,0.5289674487857667,0.29108182286940204,1.1,0.2
94,before,0.0,1.0,1.078073235625366,0.21853626387456734,0.21853626387456734,-0.21853626387456734,0.6338775831046444,0.1982089526436429,0.5607164544282658,0.1956534398726761,1.1,0.2
95,before,0.0,1.0,1.078073235625366,0.21853626387456734,0.21853626387456734,-0.21853626387456734,0.6472507740578455,0.0883918579410216,0.5698162965392299,0.08816236970811993,1.1,0.2
96,before,0.0,1.0,1.078073235625366,0.21853626387456734,0.21853626387456734,-0.21853626387456734,0.6335703734124515,-0.029480033368893266,0.5605057960863328,-0.029471496242502625,1.1,0.2
97,before,0.0,1.0,1.078073235625366,0.21853626387456734,0.21853626387456734,-0.21853626387456734,0.5978257064939345,-0.15426327386962288,0.5355005817754608,-0.15305113493133973,1.1,0.2
98,before,0.0,1.0,1.078073235625366,0.21853626387456734,0.21853626387456734,-0.21853626387456734,0.5438616216642795,-0.2820266286954303,0.4959055021619354,-0.27477973226856617,1.1,0.2
99,before,0.0,1.0,1.078073235625366,0.21853626387456734,0.21853626387456734,-0.21853626387456734,0.47457311320171325,-0.40460601072835545,0.4418868896920313,-0.3838831308741399,1.1,0.2
100,before,0.0,1.0,1.078073235625366,0.21853626387456734,0.21853626387456734,-0.21853626387456734,0.3924940437650113,-0.5104224389319294,0.3735083280094538,-0.4702742775154418,1.1,0.2
101,before,0.0,1.0,1.078073235625366,0.21853626387456734,0.21853626387456734,-0.21853626387456734,0.2998973481056363,-0.5886152265216762,0.2912186690999247,-0.5288989329927025,1.1,0.2
102,before,0.0,1.0,1.078073235625366,0.21853626387456734,0.21853626387456734,-0.21853626387456734,0.19837145608759826,-0.6338336239258678,0.19580971767103128,-0.5606863154017698,1.1,0.2
103,before,0.0,1.0,1.078073235625366,0.21853626387456734,0.21853626387456734,-0.21853626387456734,0.08856692332299801,-0.6472524343462115,0.08833607169358541,-0.5698174177464899,1.1,0.2
104,before,0.0,1.0,1.078073235625366,0.21853626387456734,0.21853626387456734,-0.21853626387456734,-0.02929301493183356,-0.6336095423389212,-0.02928463921615292,-0.5605326588488027,1.1,0.2
105,before,0.0,1.0,1.078073235625366,0.21853626387456734,0.21853626387456734,-0.21853626387456734,-0.15406769879837423,-0.5978955015556053,-0.1528601354229145,-0.5355503604837353,1.1,0.2
106,before,0.0,1.0,1.078073235625366,0.21853626387456734,0.21853626387456734,-0.21853626387456734,-0.28183159569030625,-0.5439570270763475,-0.274599415355106,-0.49597744185494247,1.1,0.2
107,before,0.0,1.0,1.078073235625366,0.21853626387456734,0.21853626387456734,-0.21853626387456734,-0.4044273373217575,-0.4746900752439043,-0.3837307774506513,-0.4419810083904336,1.1,0.2
108,before,0.0,1.0,1.078073235625366,0.21853626387456734,0.21853626387456734,-0.21853626387456734,-0.51027875913242,-0.39262880536268835,-0.47016236607713874,-0.37362428338541004,1.1,0.2
109,before,0.0,1.0,1.078073235625366,0.21853626387456734,0.21853626387456734,-0.21853626387456734,-0.5885199182499189,-0.3000468132005931,-0.5288302822324175,-0.29135545235750415,1.1,0.2
110,before,0.0,1.0,1.078073235625366,0.21853626387456734,0.21853626387456734,-0.21853626387456734,-0.6337895054806713,-0.19853392113734114,-0.5606560656861809,-0.19596594860448838,1.1,0.2
111,before,0.0,1.0,1.078073235625366,0.21853626387456734,0.21853626387456734,-0.21853626387456734,-0.6472539650619491,-0.08874196237076297,-0.5698184514503406,-0.08850974217876485,1.1,0.2
112,before,0.0,1.0,1.078073235625366,0.21853626387456734,0.21853626387456734,-0.21853626387456734,-0.6336486100463526,0.029106011331721027,-0.56055945101844,0.02909779496743207,1.1,0.2
113,before,0.0,1.0,1.078073235625366,0.21853626387456734,0.21853626387456734,-0.21853626387456734,-0.5979652177206576,0.1538721220752514,-0.5356000792070703,0.1526691228806734,1.1,0.2
114,before,0.0,1.0,1.078073235625366,0.21853626387456734,0.21853626387456734,-0.21853626387456734,-0.544052370668619,0.28163653552488965,-0.49604932813194197,0.27441905401156047,1.1,0.2
115,before,0.0,1.0,1.078073235625366,0.21853626387456734,0.21853626387456734,-0.21853626387456734,-0.474806989409312,0.40424860434293897,-0.4420750788382016,0.3835783523270534,1.1,0.2
116,before,0.0,1.0,1.078073235625366,0.21853626387456734,0.21853626387456734,-0.21853626387456734,-0.392763530611722,0.5101349914904285,-0.37374019581379875,0.470050371084029,1.1,0.2
117,before,0.0,1.0,1.078073235625366,0.21853626387456734,0.21853626387456734,-0.21853626387456734,-0.3001962502546822,0.5884245105143598,-0.2914921980441733,0.528761552896691,1.1,0.2
118,before,0.0,1.0,1.078073235625366,0.21853626387456734,0.21853626387456734,-0.21853626387456734,-0.19869636285447465,0.6337452941147879,-0.19612214715507464,0.5606257507584878,1.1,0.2
119,before,0.0,1.0,1.078073235625366,0.21853626387456734,0.21853626387456734,-0.21853626387456734,-0.08891698075863118,0.647255418397431,-0.08868338678537989,0.5698194328970538,1.1,0.2
120,before,0.0,1.0,1.078073235625366,0.21853626387456734,0.21853626387456734,-0.21853626387456734,0.028919024210516564,0.633687615761358,0.028910965150448713,0.5605861995037401,1.1,0.2
121,before,0.0,1.0,1.078073235625366,0.21853626387456734,0.21853626387456734,-0.21853626387456734,0.15367655136398664,0.5980348836369371,0.15247810480347068,0.5356497583861908,1.1,0.2
122,before,0.0,1.0,1.078073235625366,0.21853626387456734,0.21853626387456734,-0.21853626387456734,0.2814414607505341,0.544147672838921,0.27423865984788925,0.4961211763830004,1.1,0.2
123,before,0.0,1.0,1.078073235625366,0.21853626387456734,0.21853626387456734,-0.21853626387456734,0.40406982767157423,0.47492386975235806,0.3834258690329999,0.44216911235280826,1.1,0.2
124,before,0.0,1.0,1.078073235625366,0.21853626387456734,0.21853626387456734,-0.21853626387456734,0.5099911530651905,0.39289822875645697,0.4699383058017634,0.37385607325389925,1.1,0.2
125,before,0.0,1.0,1.078073235625366,0.21853626387456734,0.21853626387456734,-0.21853626387456734,0.5883290193557335,0.3003456649495637,0.5286927565211276,0.29162891136053515,1.1,0.2
126,before,0.0,1.0,1.078073235625366,0.21853626387456734,0.21853626387456734,-0.21853626387456734,0.6337010034009645,0.19885878432468163,0.5605953799164998,0.1962783162865905,1.1,0.2
127,before,0.0,1.0,1.078073235625366,0.21853626387456734,0.21853626387456734,-0.21853626387456734,0.6472568050240743,0.08909197964988808,0.5698203692933479,0.08885700665905072,1.1,0.2
128,before,0.0,1.0,1.078073235625366,0.21853626387456734,0.21853626387456734,-0.21853626387456734,0.633726567503667,-0.028732053908086988,0.5606129098095103,-0.02872415011835676,1.1,0.2
129,before,0.0,1.0,1.078073235625366,0.21853626387456734,0.21853626387456734,-0.21853626387456734,0.5981045051618523,-0.15348098824830578,0.5356994022055375,-0.15228708275294617,1.1,0.2
130,before,0.0,1.0,1.078073235625366,0.21853626387456734,0.21853626387456734,-0.21853626387456734,0.5442429377571121,-0.28124637396525387,0.49619298975984283,-0.2740582352732673,1.1,0.2
131,before,0.0,1.0,1.078073235625366,0.21853626387456734,0.21853626387456734,-0.21853626387456734,0.4750407191443408,-0.40389101059369653,0.44226311125130974,-0.3832733303619273,1.1,0.2
132,before,0.0,1.0,1.078073235625366,0.21853626387456734,0.21853626387456734,-0.21853626387456734,0.3930329016843823,-0.5098472473745961,0.3739719173338276,-0.4698261729509001,1.1,0.2
133,before,0.0,1.0,1.078073235625366,0.21853626387456734,0.21853626387456734,-0.21853626387456734,0.3004950584459254,-0.588233448062803,0.29176559336927127,-0.5286238954574634,1.1,0.2
134,before,0.0,1.0,1.078073235625366,0.21853626387456734,0.21853626387456734,-0.21853626387456734,0.19902118617967118,-0.6336566361067795,0.19643445660280373,-0.5605649550500313,1.1,0.2
135,before,0.0,1.0,1.078073235625366,0.21853626387456734,0.21853626387456734,-0.21853626387456734,0.08926695928244652,-0.6472581271111827,0.08903060202722463,-0.5698212621043752,1.1,0.2
136,before,0.0,1.0,1.078073235625366,0.21853626387456734,0.21853626387456734,-0.21853626387456734,-0.02854510049941643,-0.6337654669025267,-0.028537349959651317,-0.5606395830577424,1.1,0.2
137,before,0.0,1.0,1.078073235625366,0.21853626387456734,0.21853626387456734,-0.21853626387456734,-0.1532854330688089,-0.5981740834856533,-0.15209605707674081,-0.5357490115207425,1.1,0.2
138,before,0.0,1.0,1.078073235625366,0.21853626387456734,0.21853626387456734,-0.21853626387456734,-0.2810512757308179,-0.5443381662696545,-0.2738777808143981,-0.49626476890808885,1.1,0.2
139,before,0.0,1.0,1.078073235625366,0.21853626387456734,0.21853626387456734,-0.21853626387456734,-0.40371215381822223,-0.47515753816618167,-0.38312073690997356,-0.4423570760076113,1.1,0.2
140,before,0.0,1.0,1.078073235625366,0.21853626387456734,0.21853626387456734,-0.21853626387456734,-0.5097032751648911,-0.3931675497761248,-0.46971397309334306,-0.3740877283850592,1.1,0.2
141,before,0.0,1.0,1.078073235625366,0.21853626387456734,0.21853626387456734,-0.21853626387456734,-0.5881377973137812,-0.3006444309783256,-0.5285549701771387,-0.29190224428548156,1.1,0.2
142,before,0.0,1.0,1.078073235625366,0.21853626387456734,0.21853626387456734,-0.21853626387456734,-0.6336121927874871,-0.19918356854830982,-0.5605344765320468,-0.19659056822392515,1.1,0.2
143,before,0.0,1.0,1.078073235625366,0.21853626387456734,0.21853626387456734,-0.21853626387456734,-0.6472593850871093,-0.08944191970439638,-0.5698221116196008,-0.08920417292901503,1.1,0.2
144,before,0.0,1.0,1.078073235625366,0.21853626387456734,0.21853626387456734,-0.21853626387456734,-0.6338043142785493,0.028358164005596348,-0.5606662194729568,0.028350564708974818,1.1,0.2
145,before,0.0,1.0,1.078073235625366,0.21853626387456734,0.21853626387456734,-0.21853626387456734,-0.5982436188428185,0.15308988591190897,-0.5357985865057925,0.15190502787425306,1.1,0.2
146,before,0.0,1.0,1.078073235625366,0.21853626387456734,0.21853626387456734,-0.21853626387456734,-0.5444333585423959,0.2808561661924075,-0.49633651396016987,0.27369729661283543,1.1,0.2
147,before,0.0,1.0,1.078073235625366,0.21853626387456734,0.21853626387456734,-0.21853626387456734,-0.47527432692971666,0.40353325752669755,-0.4424510067181697,0.3829680888235931,1.1,0.2
148,before,0.0,1.0,1.078073235625366,0.21853626387456734,0.21853626387456734,-0.21853626387456734,-0.3933021731036662,0.5095592366150434,-0.3742035064735144,0.46960170634912823,1.1,0.2
149,before,0.0,1.0,1.078073235625366,0.21853626387456734,0.21853626387456734,-0.21853626387456734,-0.3007937825915991,0.588042067252482,-0.2920388641506531,0.5284859807666354,1.1,0.2
150,before,0.0,1.0,1.078073235625366,0.21853626387456734,0.21853626387456734,-0.21853626387456734,-0.19934593145642432,0.6335676735453877,-0.19674665117108966,0.5605039444249209,1.1,0.2
151,before,0.0,1.0,1.078073235625366,0.21853626387456734,0.21853626387456734,-0.21853626387456734,-0.08961686092489149,0.6472605790237176,-0.0893777193649123,0.5698229178877404,1.1,0.2
152,before,0.0,1.0,1.078073235625366,0.21853626387456734,0.21853626387456734,-0.21853626387456734,0.028171244436744222,0.633843109684361,0.028163794389998748,0.5606928190958923,1.1,0.2
153,before,0.0,1.0,1.078073235625366,0.21853626387456734,0.21853626387456734,-0.21853626387456734,0.15289434681202846,0.5983131112720947,0.15171399519410755,0.5358481271950895,1.1,0.2
154,before,0.0,1.0,1.078073235625366,0.21853626387456734,0.21853626387456734,-0.21853626387456734,0.2806610454099615,0.5445285146017984,0.2735167827313336,0.49640822494343,1.1,0.2
155,before,0.0,1.0,1.078073235625366,0.21853626387456734,0.21853626387456734,-0.21853626387456734,0.4033543217927521,0.4753910854507107,0.3828153861572321,0.4425449034021488,1.1,0.2
156,before,0.0,1.0,1.078073235625366,0.21853626387456734,0.21853626387456734,-0.21853626387456734,0.5094151317879381,0.3934367716757683,0.4694893727478679,0.37431925161072943,1.1,0.2
157,before,0.0,1.0,1.078073235625366,0.21853626387456734,0.21853626387456734,-0.21853626387456734,0.5879462579133503,0.3009431132917114,0.5284169272336342,0.2921754529707128,1.1,0.2
158,before,0.0,1.0,1.078073235625366,0.21853626387456734,0.21853626387456734,-0.21853626387456734,0.6335230783900565,0.19950827490872572,0.560473358727432,0.19690270544513558,1.1,0.2
159,before,0.0,1.0,1.078073235625366,0.21853626387456734,0.21853626387456734,-0.21853626387456734,0.6472617089198733,0.08979178294510255,0.5698236809082047,0.08955124132749456,1.1,0.2
160,before,0.0,1.0,1.078073235625366,0.21853626387456734,0.21853626387456734,-0.21853626387456734,0.6338818531177047,-0.027984341800732615,0.5607193819296472,-0.02797703902414529,1.1,0.2
161,before,0.0,1.0,1.078073235625366,0.21853626387456734,0.21853626387456734,-0.21853626387456734,0.5983825607721405,-0.15269881579293912,0.5358976335944481,-0.15152295907453067,1.1,0.2
162,before,0.0,1.0,1.078073235625366,0.21853626387456734,0.21853626387456734,-0.21853626387456734,0.5446236344457765,-0.2804659134259617,0.4964799018636934,-0.27333623921652667,1.1,0.2
163,before,0.0,1.0,1.078073235625366,0.21853626387456734,0.21853626387456734,-0.21853626387456734,0.47550781372525136,-0.40317534666793337,0.4426387660628858,-0.38266262894653064,1.1,0.2
164,before,0.0,1.0,1.078073235625366,0.21853626387456734,0.21853626387456734,-0.21853626387456734,0.3935713454882401,-0.5092709607227268,0.3744349637971036,-0.46937697230069275,1.1,0.2
165,before,0.0,1.0,1.078073235625366,0.21853626387456734,0.21853626387456734,-0.21853626387456734,0.3010924230766606,-0.5878503693084736,0.2923120107443037,-0.5283478095696961,1.1,0.2
166,before,0.0,1.0,1.078073235625366,0.21853626387456734,0.21853626387456734,-0.21853626387456734,0.19967059890559546,-0.6334784073120995,0.19705873104274532,-0.5604427194253353,1.1,0.2
167,before,0.0,1.0,1.078073235625366,0.21853626387456734,0.21853626387456734,-0.21853626387456734,0.089966685764566,-0.6472627747594951,0.08972473880772659,-0.5698244006703009,1.1,0.2
168,before,0.0,1.0,1.078073235625366,0.21853626387456734,0.21853626387456734,-0.21853626387456734,-0.027797456104965423,-0.6339205445650782,-0.027790298632362084,-0.5607459079696049,1.1,0.2
169,before,0.0,1.0,1.078073235625366,0.21853626387456734,0.21853626387456734,-0.21853626387456734,-0.1525032928762152,-0.5984519673334007,-0.15133191955160705,-0.535947105703825,1.1,0.2
170,before,0.0,1.0,1.078073235625366,0.21853626387456734,0.21853626387456734,-0.21853626387456734,-0.2802707702793003,-0.5447187180663978,-0.27315566611175224,-0.49655154472237734,1.1,0.2
171,before,0.0,1.0,1.078073235625366,0.21853626387456734,0.21853626387456734,-0.21853626387456734,-0.40299633219927233,-0.4756245117453958,-0.3825098172233058,-0.44273259470047915,1.1,0.2
172,before,0.0,1.0,1.078073235625366,0.21853626387456734,0.21853626387456734,-0.21853626387456734,-0.5091267234537324,-0.39370589453423444,-0.4692645050149807,-0.37455064303075714,1.1,0.2
173,before,0.0,1.0,1.078073235625366,0.21853626387456734,0.21853626387456734,-0.21853626387456734,-0.5877544014453944,-0.30124171194280774,-0.5282786277630961,-0.2924485374685775,1.1,0.2
174,before,0.0,1.0,1.078073235625366,0.21853626387456734,0.21853626387456734,-0.21853626387456734,-0.6334336602982535,-0.1998329034465251,-0.560412026501718,-0.1972147279597527,1.1,0.2
175,before,0.0,1.0,1.078073235625366,0.21853626387456734,0.21853626387456734,-0.21853626387456734,-0.6472637765234389,-0.09014156938248645,-0.5698250771612586,-0.08989821179625206,1.1,0.2
176,before,0.0,1.0,1.078073235625366,0.21853626387456734,0.21853626387456734,-0.21853626387456734,-0.6339591840106694,0.027610587356738617,-0.5607723972095605,0.027603573235482647,1.1,0.2
177,before,0.0,1.0,1.078073235625366,0.21853626387456734,0.21853626387456734,-0.21853626387456734,-0.5985213309446334,0.15230777808296075,-0.5359965435219726,0.15114087666096682,1.1,0.2
178,before,0.0,1.0,1.078073235625366,0.21853626387456734,0.21853626387456734,-0.21853626387456734,-0.5448137654545308,0.28007561600811665,-0.49662315351999636,0.27297506345967537,1.1,0.2
179,before,0.0,1.0,1.078073235625366,0.21853626387456734,0.21853626387456734,-0.21853626387456734,-0.47574117950237493,0.4028172784328775,-0.4428263893143663,0.3823569510186174,1.1,0.2
180,before,0.0,1.0,1.078073235625366,0.21853626387456734,0.21853626387456734,-0.21853626387456734,-0.3938404188063573,0.5089824200143167,-0.3746662893093451,0.46915197089737115,1.1,0.2
181,before,0.0,1.0,1.078073235625366,0.21853626387456734,0.21853626387456734,-0.21853626387456734,-0.3013909798861739,0.5876583543307585,-0.2925850331403814,0.5282093818014519,1.1,0.2
182,before,0.0,1.0,1.078073235625366,0.21853626387456734,0.21853626387456734,-0.21853626387456734,-0.19999518853082174,0.6333888373344809,-0.19737069619182124,0.5603812799391202,1.1,0.2
183,before,0.0,1.0,1.078073235625366,0.21853626387456734,0.21853626387456734,-0.21853626387456734,-0.09031643379800446,0.6472647141919342,-0.09007166028365908,0.5698257103678752,1.1,0.2
184,before,0.0,1.0,1.078073235625366,0.21853626387456734,0.21853626387456734,-0.21853626387456734,0.02742373556331365,0.633997771438188,0.02741686285429973,0.5607988496429771,1.1,0.2
185,before,0.0,1.0,1.078073235625366,0.21853626387456734,0.21853626387456734,-0.21853626387456734,0.15211227143416328,0.5985906515942474,0.15094983043813087,0.536045947047393,1.1,0.2
186,before,0.0,1.0,1.078073235625366,0.21853626387456734,0.21853626387456734,-0.21853626387456734,0.27988045065037753,0.544908776600798,0.2727944313028251,0.4966947282568803,1.1,0.2
187,before,0.0,1.0,1.078073235625366,0.21853626387456734,0.21853626387456734,-0.21853626387456734,0.40263818541467034,0.4758578169872501,0.3822040303633954,0.44292014990385153,1.1,0.2
188,before,0.0,1.0,1.078073235625366,0.21853626387456734,0.21853626387456734,-0.21853626387456734,0.5088380504376724,0.39397491829709924,0.4690393699543823,0.37478190263042893,1.1,0.2
189,before,0.0,1.0,1.078073235625366,0.21853626387456734,0.21853626387456734,-0.21853626387456734,0.5875622279710598,0.30154022690270565,0.5281400716722607,0.29272149775650036,1.1,0.2
190,before,0.0,1.0,1.078073235625366,0.21853626387456734,0.21853626387456734,-0.21853626387456734,0.6333439384065999,0.20015745415775155,0.5603504797199688,0.19752663573458196,1.1,0.2
191,before,0.0,1.0,1.078073235625366,0.21853626387456734,0.21853626387456734,-0.21853626387456734,0.6472655877450809,0.09049127901025031,0.5698263002768508,0.0902450842605337,1.1,0.2
192,before,0.0,1.0,1.078073235625366,0.21853626387456734,0.21853626387456734,-0.21853626387456734,0.6340363068312383,-0.027236900731932953,0.5608252652632413,-0.02723016750958077,1.1,0.2
193,before,0.0,1.0,1.078073235625366,0.21853626387456734,0.21853626387456734,-0.21853626387456734,0.5986599292705742,-0.1519167729507664,0.5360953162785317,-0.15075878091858205,1.1,0.2
194,before,0.0,1.0,1.078073235625366,0.21853626387456734,0.21853626387456734,-0.21853626387456734,0.5450037514957692,-0.27968527424399625,0.4967662689333203,-0.27261376968370454,1.1,0.2
195,before,0.0,1.0,1.078073235625366,0.21853626387456734,0.21853626387456734,-0.21853626387456734,0.47597442419104674,-0.40245905319053604,0.44301387646821383,-0.38205105528856886,1.1,0.2
196,before,0.0,1.0,1.078073235625366,0.21853626387456734,0.21853626387456734,-0.21853626387456734,0.39410939299892384,-0.5086936147569856,0.3748974829915521,-0.4689267021925376,1.1,0.2
197,before,0.0,1.0,1.078073235625366,0.21853626387456734,0.21853626387456734,-0.21853626387456734,0.30168945298832917,-0.5874660223727944,0.29285793131370713,-0.5280706973630099,1.1,0.2
198,before,0.0,1.0,1.078073235625366,0.21853626387456734,0.21853626387456734,-0.21853626387456734,0.2003197003265699,-0.6332989635004158,0.19768254658366252,-0.5603196258266662,1.1,0.2
199,before,0.0,1.0,1.078073235625366,0.21853626387456734,0.21853626387456734,-0.21853626387456734,0.09066610501835604,-0.6472663971629521,0.09041848371747169,-0.5698268468748581,1.1,0.2
200,before,0.0,1.0,1.078073235625366,0.21853626387456734,0.21853626387456734,-0.21853626387456734,-0.027050082869822495,-0.6340747901733979,-0.027043487222070468,-0.560851644063717,1.1,0.2
201,before,0.0,1.0,1.078073235625366,0.21853626387456734,0.21853626387456734,-0.21853626387456734,-0.15172128265368412,-0.5987291639619265,-0.1505677281377789,-0.5361446512138195,1.1,0.2
202,before,0.0,1.0,1.078073235625366,0.21853626387456734,0.21853626387456734,-0.21853626387456734,-0.2794900868268569,-0.5450986901300039,-0.27243307864481336,-0.49683777554960035,1.1,0.2
203,before,0.0,1.0,1.078073235625366,0.21853626387456734,0.21853626387456734,-0.21853626387456734,-0.40227988180635427,-0.47609100110478325,-0.38189802582509197,-0.4431075690067298,1.1,0.2
204,before,0.0,1.0,1.078073235625366,0.21853626387456734,0.21853626387456734,-0.21853626387456734,-0.5085491130054692,-0.3942438429042867,-0.468813967618392,-0.37501303039025696,1.1,0.2
205,before,0.0,1.0,1.078073235625366,0.21853626387456734,0.21853626387456734,-0.21853626387456734,-0.5873697375424918,-0.3018386581389622,-0.5280012588612001,-0.29299433380877293,1.1,0.2
206,before,0.0,1.0,1.078073235625366,0.21853626387456734,0.21853626387456734,-0.21853626387456734,-0.6332539126017475,-0.2004819270365274,-0.5602887182416088,-0.19783842873469296,1.1,0.2
207,before,0.0,1.0,1.078073235625366,0.21853626387456734,0.21853626387456734,-0.21853626387456734,-0.6472671424256148,-0.09084091182145748,-0.5698273501485565,-0.09059185864508068,1.1,0.2
208,before,0.0,1.0,1.078073235625366,0.21853626387456734,0.21853626387456734,-0.21853626387456734,-0.6341132214482315,0.026863281984192508,-0.5608779860377553,0.02685682201249148,1.1,0.2
209,before,0.0,1.0,1.078073235625366,0.21853626387456734,0.21853626387456734,-0.21853626387456734,-0.5987983556566076,0.15152580056380405,-0.5361939518516788,0.15037667213115882,1.1,0.2
210,before,0.0,1.0,1.078073235625366,0.21853626387456734,0.21853626387456734,-0.21853626387456734,-0.5451935924940569,0.2792948884368187,-0.4969092481060016,0.2722523582286519,1.1,0.2
211,before,0.0,1.0,1.078073235625366,0.21853626387456734,0.21853626387456734,-0.21853626387456734,-0.47620754771947504,0.402100671308005,-0.44320122751867713,0.38174494200394893,1.1,0.2
212,before,0.0,1.0,1.078073235625366,0.21853626387456734,0.21853626387456734,-0.21853626387456734,-0.39437826800563786,0.5084045452163687,-0.37512854482408625,0.46870116623853625,1.1,0.2
213,before,0.0,1.0,1.078073235625366,0.21853626387456734,0.21853626387456734,-0.21853626387456734,-0.30198784235051557,0.5872733734867203,-0.2931307052384689,0.5279317561543488,1.1,0.2
214,before,0.0,1.0,1.078073235625366,0.21853626387456734,0.21853626387456734,-0.21853626387456734,-0.20064413428687106,0.6332087856964326,-0.19799428218330678,0.5602577569471912,1.1,0.2
215,before,0.0,1.0,1.078073235625366,0.21853626387456734,0.21853626387456734,-0.21853626387456734,-0.0910156994186947,0.6472678235131348,-0.09076520903398051,0.5698278100845946,1.1,0.2
216,before,0.0,1.0,1.078073235625366,0.21853626387456734,0.21853626387456734,-0.21853626387456734,0.026676498082237737,0.6341516006392957,0.026670171901544665,0.5609042911786971,1.1,0.2
217,before,0.0,1.0,1.078073235625366,0.21853626387456734,0.21853626387456734,-0.21853626387456734,0.15133032670198787,0.5988675043429144,0.15018561293413854,0.5362432181905266,1.1,0.2
218,before,0.0,1.0,1.078073235625366,0.21853626387456734,0.21853626387456734,-0.21853626387456734,0.2790996791117177,0.5452884585784815,0.27207160847772227,0.49698068660280525,1.1,0.2
219,before,0.0,1.0,1.078073235625366,0.21853626387456734,0.21853626387456734,-0.21853626387456734,0.4019214217413701,0.47632406402613675,0.38159180385615554,0.4432948520033362,1.1,0.2
220,before,0.0,1.0,1.078073235625366,0.21853626387456734,0.21853626387456734,-0.21853626387456734,0.508259911422964,0.3945126682954234,0.46858829805959873,0.3752440262905848,1.1,0.2
221,before,0.0,1.0,1.078073235625366,0.21853626387456734,0.21853626387456734,-0.21853626387456734,0.5871769302120893,0.30213700561889373,0.5278621892299921,0.2932670455995667,1.1,0.2
222,before,0.0,1.0,1.078073235625366,0.21853626387456734,0.21853626387456734,-0.21853626387456734,0.6331635827703284,0.20080632207684423,0.5602267419258056,0.19815010692514098,1.1,0.2
223,before,0.0,1.0,1.078073235625366,0.21853626387456734,0.21853626387456734,-0.21853626387456734,0.6472684404055764,0.091190467809212,0.569828226669611,0.09093853487480331,1.1,0.2
224,before,0.0,1.0,1.078073235625366,0.21853626387456734,0.21853626387456734,-0.21853626387456734,0.6341899277301385,-0.02648973117113748,0.5609305594798735,-0.02648353690990913,1.1,0.2
225,before,0.0,1.0,1.078073235625366,0.21853626387456734,0.21853626387456734,-0.21853626387456734,0.5989366100091382,-0.15113486108907187,0.5362924502287736,-0.14999455058211456,1.1,0.2
226,before,0.0,1.0,1.078073235625366,0.21853626387456734,0.21853626387456734,-0.21853626387456734,0.5453832883738293,-0.2789044588893664,0.4970520910402917,-0.2718908294345287,1.1,0.2
227,before,0.0,1.0,1.078073235625366,0.21853626387456734,0.21853626387456734,-0.21853626387456734,0.4764405500157821,-0.4017421331523335,0.44338844245999015,-0.38143861141275937,1.1,0.2
228,before,0.0,1.0,1.078073235625366,0.21853626387456734,0.21853626387456734,-0.21853626387456734,0.3946470437660856,-0.50811521165857,0.37535947478729964,-0.46847536308824583,1.1,0.2
229,before,0.0,1.0,1.078073235625366,0.21853626387456734,0.21853626387456734,-0.21853626387456734,0.3022861479399954,-0.5870804077252496,0.29340335488883884,-0.5277925580756846,1.1,0.2
230,before,0.0,1.0,1.078073235625366,0.21853626387456734,0.21853626387456734,-0.21853626387456734,0.20096849040568732,-0.6331183038093128,0.19830590295583653,-0.5601956731598436,1.1,0.2
231,before,0.0,1.0,1.078073235625366,0.21853626387456734,0.21853626387456734,-0.21853626387456734,0.09136521699215802,-0.6472689930830036,0.09111183615819353,-0.5698285998902344,1.1,0.2
232,before,0.0,1.0,1.078073235625366,0.21853626387456734,0.21853626387456734,-0.21853626387456734,-0.026302981258055608,-0.6342282027043004,-0.026296917058242216,-0.5609567909346057,1.1,0.2
233,before,0.0,1.0,1.078073235625366,0.21853626387456734,0.21853626387456734,-0.21853626387456734,-0.15093940374586656,-0.5990056726435647,-0.14980348511046276,-0.5363416479648258,1.1,0.2
234,before,0.0,1.0,1.078073235625366,0.21853626387456734,0.21853626387456734,-0.21853626387456734,-0.27870922780755436,-0.5454780818706508,-0.27171002114157744,-0.4971234614187413,1.1,0.2
235,before,0.0,1.0,1.078073235625366,0.21853626387456734,0.21853626387456734,-0.21853626387456734,-0.4015628055867813,-0.47655700567942416,-0.3812853647048397,-0.44348199888792494,1.1,0.2
236,before,0.0,1.0,1.078073235625366,0.21853626387456734,0.21853626387456734,-0.21853626387456734,-0.5079704459565364,-0.39478139441006266,-0.4683623613311816,-0.3754748903117797,1.1,0.2
237,before,0.0,1.0,1.078073235625366,0.21853626387456734,0.21853626387456734,-0.21853626387456734,-0.586983806032893,-0.3024352693097132,-0.5277228626789999,-0.2935396331030586,1.1,0.2
238,before,0.0,1.0,1.078073235625366,0.21853626387456734,0.21853626387456734,-0.21853626387456734,-0.6330729487992838,-0.20113063927263714,-0.5601645506316955,-0.19846167027103806,1.1,0.2
239,before,0.0,1.0,1.078073235625366,0.21853626387456734,0.21853626387456734,-0.21853626387456734,-0.64726948152548,-0.09153994696668585,-0.5698289297330839,-0.09128511287480806,1.1,0.2
240,before,0.0,1.0,1.078073235625366,0.21853626387456734,0.21853626387456734,-0.21853626387456734,-0.6342664255453138,0.026116248350140425,-0.5609829855362056,0.026110312367179388,1.1,0.2
241,before,0.0,1.0,1.078073235625366,0.21853626387456734,0.21853626387456734,-0.21853626387456734,-0.5990746922344738,0.1507439546931569,-0.5363908113970831,0.14961241655453866,1.1,0.2
242,before,0.0,1.0,1.078073235625366,0.21853626387456734,0.21853626387456734,-0.21853626387456734,-0.5455728390594944,0.2785139859040478,-0.4971947977384339,0.2715291836413765,1.1,0.2
243,before,0.0,1.0,1.078073235625366,0.21853626387456734,0.21853626387456734,-0.21853626387456734,-0.4766734310080751,0.4013834390906015,-0.44357552128642913,0.3811320637635073,1.1,0.2
244,before,0.0,1.0,1.078073235625366,0.21853626387456734,0.21853626387456734,-0.21853626387456734,-0.39491572021978877,0.5078256143502474,-0.3755902728615759,0.4682492927951479,1.1,0.2
245,before,0.0,1.0,1.078073235625366,0.21853626387456734,0.21853626387456734,-0.21853626387456734,-0.30258436972393327,0.5868871251417526,-0.2936758802389996,0.5276531030275301,1.1,0.2
246,before,0.0,1.0,1.078073235625366,0.21853626387456734,0.21853626387456734,-0.21853626387456734,-0.20129276867692716,0.6330275177261598,-0.19861740886639384,0.56013337432375,1.1,0.2
247,before,0.0,1.0,1.078073235625366,0.21853626387456734,0.21853626387456734,-0.21853626387456734,-0.09171465773195261,0.6472699057130685,-0.09145836501531587,0.5698292161847683,1.1,0.2
248,before,0.0,1.0,1.078073235625366,0.21853626387456734,0.21853626387456734,-0.21853626387456734,0.02592953245452506,0.6343045962367029,0.02592372285733457,0.5610091432779749,1.1,0.2
249,before,0.0,1.0,1.078073235625366,0.21853626387456734,0.21853626387456734,-0.21853626387456734,0.15054851395170243,0.5991436687701392,0.14942134494967738,0.5364399405239398,1.1,0.2
250,before,0.0,1.0,1.078073235625366,0.21853626387456734,0.21853626387456734,-0.21853626387456734,0.27831873321658956,0.5456675599309072,0.2713483169764359,0.497266099999649,1.1,0.2
251,before,0.0,1.0,1.078073235625366,0.21853626387456734,0.21853626387456734,-0.21853626387456734,0.40120403370968394,0.4767898259927462,0.38097870861990457,0.44366900965479406,1.1,0.2
252,before,0.0,1.0,1.078073235625366,0.21853626387456734,0.21853626387456734,-0.21853626387456734,0.5076807168731221,0.39505002118769417,0.46813615748692444,0.37570562243424127,1.1,0.2
253,before,0.0,1.0,1.078073235625366,0.21853626387456734,0.21853626387456734,-0.21853626387456734,0.5867903650586024,0.302733449178536,0.5275832791088859,0.29381209629343646,1.1,0.2
254,before,0.0,1.0,1.078073235625366,0.21853626387456734,0.21853626387456734,-0.21853626387456734,0.6329820105758794,0.20145487861778766,0.5601021442183945,0.19877311873755601,1.1,0.2
255,before,0.0,1.0,1.078073235625366,0.21853626387456734,0.21853626387456734,-0.21853626387456734,0.6472702656258311,0.09188934928712003,0.5698294592318867,0.09163159257039852,1.1,0.2
256,before,0.0,1.0,1.078073235625366,0.21853626387456734,0.21853626387456734,-0.21853626387456734,0.634342714761984,-0.025742833578326824,0.5610352641532057,-0.02573714854929954,1.1,0.2
257,before,0.0,1.0,1.078073235625366,0.21853626387456734,0.21853626387456734,-0.21853626387456734,0.5992126022388297,-0.15035308154223662,0.5364890353437853,-0.14923027033119313,1.1,0.2
258,before,0.0,1.0,1.078073235625366,0.21853626387456734,0.21853626387456734,-0.21853626387456734,0.5457622444754353,-0.278123469782899,0.497337368202666,-0.2711674211892672,1.1,0.2
259,before,0.0,1.0,1.078073235625366,0.21853626387456734,0.21853626387456734,-0.21853626387456734,0.4769061906244485,-0.40102458948992037,0.4437624639923141,-0.3808252993052054,1.1,0.2
260,before,0.0,1.0,1.078073235625366,0.21853626387456734,0.21853626387456734,-0.21853626387456734,0.3951842973062056,-0.5075357535586138,0.375820939027331,-0.46802295541332867,1.1,0.2
261,before,0.0,1.0,1.078073235625366,0.21853626387456734,0.21853626387456734,-0.21853626387456734,0.30288250766939606,-0.5866935257902581,0.2939482812631447,-0.5275133909106973,1.1,0.2
262,before,0.0,1.0,1.078073235625366,0.21853626387456734,0.21853626387456734,-0.21853626387456734,0.20161696909444562,-0.632936427334402,0.19892879988018053,-0.5600708602980158,1.1,0.2
263,before,0.0,1.0,1.078073235625366,0.21853626387456734,0.21853626387456734,-0.21853626387456734,0.09206402163135402,-0.6472705612438303,0.09180479553074976,-0.5698296588610288,1.1,0.2
264,before,0.0,1.0,1.078073235625366,0.21853626387456734,0.21853626387456734,-0.21853626387456734,-0.025556151728647947,-0.6343807811046664,-0.025550589463644625,-0.5610613481551809,1.1,0.2
265,before,0.0,1.0,1.078073235625366,0.21853626387456734,0.21853626387456734,-0.21853626387456734,-0.15015765748546786,-0.5992814926288081,-0.1490391927343801,-0.5365380958550033,1.1,0.2
266,before,0.0,1.0,1.078073235625366,0.21853626387456734,0.21853626387456734,-0.21853626387456734,-0.2779281956406726,-0.5458568926836231,-0.2709864963223841,-0.49740860234776396,1.1,0.2
267,before,0.0,1.0,1.078073235625366,0.21853626387456734,0.21853626387456734,-0.21853626387456734,-0.4008451064772046,-0.4770225248941919,-0.3806718358506156,-0.44385588429828626,1.1,0.2
268,before,0.0,1.0,1.078073235625366,0.21853626387456734,0.21853626387456734,-0.21853626387456734,-0.507390724440211,-0.3953185485677454,-0.4679096865812163,-0.37593622263840226,1.1,0.2
269,before,0.0,1.0,1.078073235625366,0.21853626387456734,0.21853626387456734,-0.21853626387456734,-0.5865966073435767,-0.3030315451923815,-0.5274434384206128,-0.29408443514490024,1.1,0.2
270,before,0.0,1.0,1.078073235625366,0.21853626387456734,0.21853626387456734,-0.21853626387456734,-0.6328907679877075,-0.20177904010612452,-0.560039522544999,-0.19908445228992688,1.1,0.2
271,before,0.0,1.0,1.078073235625366,0.21853626387456734,0.21853626387456734,-0.21853626387456734,-0.6472707925471274,-0.09223867476382466,-0.5698298150587738,-0.09197797388707551,1.1,0.2
272,before,0.0,1.0,1.078073235625366,0.21853626387456734,0.21853626387456734,-0.21853626387456734,-0.6344187952482502,0.025369486912575193,-0.5610873952771728,0.02536404562091833,1.1,0.2
273,before,0.0,1.0,1.078073235625366,0.21853626387456734,0.21853626387456734,-0.21853626387456734,-0.5993503399283308,0.14996224180207873,-0.536587122055971,0.1488481121945116,1.1,0.2
274,before,0.0,1.0,1.078073235625366,0.21853626387456734,0.21853626387456734,-0.21853626387456734,-0.5459515045460128,0.277732910827583,-0.49747980243522105,0.27080554241830157,1.1,0.2
275,before,0.0,1.0,1.078073235625366,0.21853626387456734,0.21853626387456734,-0.21853626387456734,-0.47713882879298525,0.40066558471743174,-0.44394927057201,0.38051831828737187,1.1,0.2
276,before,0.0,1.0,1.078073235625366,0.21853626387456734,0.21853626387456734,-0.21853626387456734,-0.3954527749647322,0.5072456295514364,-0.37605147326501415,0.4677963509974804,1.1,0.2
277,before,0.0,1.0,1.078073235625366,0.21853626387456734,0.21853626387456734,-0.21853626387456734,-0.3031805617433545,0.586499609725456,-0.2942205579354797,0.5273734216263,1.1,0.2
278,before,0.0,1.0,1.078073235625366,0.21853626387456734,0.21853626387456734,-0.21853626387456734,-0.20194109165204444,0.632845032521796,-0.1992400759624583,0.5600081309417285,1.1,0.2
279,before,0.0,1.0,1.078073235625366,0.21853626387456734,0.21853626387456734,-0.21853626387456734,-0.09241330868370627,0.6472709595157835,-0.09215112763009398,0.5698299278116917,1.1,0.2
280,before,0.0,1.0,1.078073235625366,0.21853626387456734,0.21853626387456734,-0.21853626387456734,0.025182839137180044,0.6344567571762283,0.025177517041647494,0.5611134055124445,1.1,0.2
281,before,0.0,1.0,1.078073235625366,0.21853626387456734,0.21853626387456734,-0.21853626387456734,0.14976683451272638,0.5994191441256491,0.14865702874684064,0.5366361139450612,1.1,0.2
282,before,0.0,1.0,1.078073235625366,0.21853626387456734,0.21853626387456734,-0.21853626387456734,0.2775376153812798,0.546046080053146,0.2706245595195367,0.4975509684653157,1.1,0.2
283,before,0.0,1.0,1.078073235625366,0.21853626387456734,0.21853626387456734,-0.21853626387456734,0.40048602425649915,0.4772551023118373,0.3803647466467429,0.44404262281278795,1.1,0.2
284,before,0.0,1.0,1.078073235625366,0.21853626387456734,0.21853626387456734,-0.21853626387456734,0.5071004689258471,0.3955869764895807,0.46768294866905225,0.37616669090472793,1.1,0.2
285,before,0.0,1.0,1.078073235625366,0.21853626387456734,0.21853626387456734,-0.21853626387456734,0.5864025329428355,0.30332955731817124,0.527303340515445,0.29435664963166047,1.1,0.2
286,before,0.0,1.0,1.078073235625366,0.21853626387456734,0.21853626387456734,-0.21853626387456734,0.632799220922688,0.20210312373142222,0.5599766854705868,0.19939567089344173,1.1,0.2
287,before,0.0,1.0,1.078073235625366,0.21853626387456734,0.21853626387456734,-0.21853626387456734,0.647271062129859,0.0925879233901776,0.5698299971063422,0.09232425675053572,1.1,0.2
288,before,0.0,1.0,1.078073235625366,0.21853626387456734,0.21853626387456734,-0.21853626387456734,0.6344946668720857,-0.024996208409518467,0.5611393788542494,-0.024991003746337073,1.1,0.2
289,before,0.0,1.0,1.078073235625366,0.21853626387456734,0.21853626387456734,-0.21853626387456734,0.5994879052090089,-0.14957143563804232,0.5366850715206408,-0.14846594242659947,1.1,0.2
290,before,0.0,1.0,1.078073235625366,0.21853626387456734,0.21853626387456734,-0.21853626387456734,0.5461406191955626,-0.2773423093393892,0.49762210043832583,-0.27044354766860806,1.1,0.2
291,before,0.0,1.0,1.078073235625366,0.21853626387456734,0.21853626387456734,-0.21853626387456734,0.47737134544175575,-0.4003064251403057,0.4441359410199254,-0.3802111209600287,1.1,0.2
292,before,0.0,1.0,1.078073235625366,0.21853626387456734,0.21853626387456734,-0.21853626387456734,0.39572115313470174,-0.5069552425970352,0.376281875555107,-0.46756947960290096,1.1,0.2
293,before,0.0,1.0,1.078073235625366,0.21853626387456734,0.21853626387456734,-0.21853626387456734,0.30347853191268176,-0.5863053770026959,0.2944927102302207,-0.5272331950757534,1.1,0.2
294,before,0.0,1.0,1.078073235625366,0.21853626387456734,0.21853626387456734,-0.21853626387456734,0.20226513634347126,-0.6327533331764252,0.19955123707854786,-0.559945186113956,1.1,0.2
295,before,0.0,1.0,1.078073235625366,0.21853626387456734,0.21853626387456734,-0.21853626387456734,0.09276251888242136,-0.6472711003694143,0.09249736123914333,-0.5698300229292752,1.1,0.2
296,before,0.0,1.0,1.078073235625366,0.21853626387456734,0.21853626387456734,-0.21853626387456734,-0.024809594736631288,-0.6345325243192987,-0.024804505755470486,-0.5611653152958306,1.1,0.2
297,before,0.0,1.0,1.078073235625366,0.21853626387456734,0.21853626387456734,-0.21853626387456734,-0.14937604519863248,-0.599556623166649,-0.14827485326899975,-0.5367339947810705,1.1,0.2
298,before,0.0,1.0,1.078073235625366,0.21853626387456734,0.21853626387456734,-0.21853626387456734,-0.2771469927395136,-0.5462351219638001,-0.2702625069080355,-0.4976931983545285,1.1,0.2
299,before,0.0,1.0,1.078073235625366,0.21853626387456734,0.21853626387456734,-0.21853626387456734,-0.4001267874147513,-0.47748755817374705,-0.3800574412585602,-0.4442292251927299,1.1,0.2
300,before,0.0,1.0,1.078073235625366,0.21853626387456734,0.21853626387456734,-0.21853626387456734,-0.5068099505986264,-0.39585530489250204,-0.4674559438060335,-0.3763970272137166,1.1,0.2
301,before,0.0,1.0,1.078073235625366,0.21853626387456734,0.21853626387456734,-0.21853626387456734,-0.5862081419120593,-0.3036274855227301,-0.5271629852949493,-0.2946287397279393,1.1,0.2
302,before,0.0,1.0,1.078073235625366,0.21853626387456734,0.21853626387456734,-0.21853626387456734,-0.6327073692690695,-0.2024271294874016,-0.559913632854217,-0.19970677451345098,1.1,0.2
303,before,0.0,1.0,1.078073235625366,0.21853626387456734,0.21853626387456734,-0.21853626387456734,-0.6472710742145092,-0.09293709515962467,-0.5698300052670312,-0.09267044108667177,1.1,0.2
304,before,0.0,1.0,1.078073235625366,0.21853626387456734,0.21853626387456734,-0.21853626387456734,-0.6345703295013371,0.02462299812554393,-0.5611912148304222,0.02461802308950935,1.1,0.2
305,before,0.0,1.0,1.078073235625366,0.21853626387456734,0.21853626387456734,-0.21853626387456734,-0.5996252979868039,0.14918066321507747,-0.5367828837247063,0.1480837613092327,1.1,0.2
306,before,0.0,1.0,1.078073235625366,0.21853626387456734,0.21853626387456734,-0.21853626387456734,-0.5463295883483958,0.27695166561923246,-0.4977642622142011,0.2700814372803408,1.1,0.2
307,before,0.0,1.0,1.078073235625366,0.21853626387456734,0.21853626387456734,-0.21853626387456734,-0.47760374049881793,0.3999471111257383,-0.4443224753305127,0.37990370757370046,1.1,0.2
308,before,0.0,1.0,1.078073235625366,0.21853626387456734,0.21853626387456734,-0.21853626387456734,-0.395989431755385,0.5066645929642819,-0.3765121458781244,0.467342341285495,1.1,0.2
309,before,0.0,1.0,1.078073235625366,0.21853626387456734,0.21853626387456734,-0.21853626387456734,-0.30377641814415435,0.5861108276779889,-0.29476473812159576,0.5270927111607762,1.1,0.2
310,before,0.0,1.0,1.078073235625366,0.21853626387456734,0.21853626387456734,-0.21853626387456734,-0.20258910316241988,0.6326613291867033,-0.1998622831938291,0.5598820256737493,1.1,0.2
311,before,0.0,1.0,1.078073235625366,0.21853626387456734,0.21853626387456734,-0.21853626387456734,-0.09311165222097874,0.6472709836452033,-0.09284349628388813,0.5698299441061404,1.1,0.2
312,before,0.0,1.0,1.078073235625366,0.21853626387456734,0.21853626387456734,-0.21853626387456734,0.024436418583266548,0.6346080824016614,0.02443155576889361,0.561217077451248,1.1,0.2
313,before,0.0,1.0,1.078073235625366,0.21853626387456734,0.21853626387456734,-0.21853626387456734,0.14898528970793215,0.5996939296577014,0.14789266658246872,0.5368317383498982,1.1,0.2
314,before,0.0,1.0,1.078073235625366,0.21853626387456734,0.21853626387456734,-0.21853626387456734,0.2767563280161015,0.5464240183398847,0.26990033882804704,0.4978352920176202,1.1,0.2
315,before,0.0,1.0,1.078073235625366,0.21853626387456734,0.21853626387456734,-0.21853626387456734,0.3997673963191702,0.4777198924079735,0.3797499199368434,0.444415691432587,1.1,0.2
316,before,0.0,1.0,1.078073235625366,0.21853626387456734,0.21853626387456734,-0.21853626387456734,0.5065191697276966,0.3961235337157495,0.4672286720483685,0.37662723154589994,1.1,0.2
317,before,0.0,1.0,1.078073235625366,0.21853626387456734,0.21853626387456734,-0.21853626387456734,0.5860134343075902,0.3039253297727863,0.5270223726609968,0.2949007054079703,1.1,0.2
318,before,0.0,1.0,1.078073235625366,0.21853626387456734,0.21853626387456734,-0.21853626387456734,0.6326152129154304,0.20275105736772925,0.5598503645549319,0.20001776311536384,1.1,0.2
319,before,0.0,1.0,1.078073235625366,0.21853626387456734,0.21853626387456734,-0.21853626387456734,0.6472708286415559,0.09328619006567897,0.5698298394331237,0.09301652682157165,1.1,0.2
320,before,0.0,1.0,1.078073235625366,0.21853626387456734,0.21853626387456734,-0.21853626387456734,0.6346457830037251,-0.02424985611679409,0.5612429031515224,-0.02424510381404159,1.1,0.2
321,before,0.0,1.0,1.078073235625366,0.21853626387456734,0.21853626387456734,-0.21853626387456734,0.599762518167564,-0.14878992469772606,0.5368805586549904,-0.14770156912385776,1.1,0.2
322,before,0.0,1.0,1.078073235625366,0.21853626387456734,0.21853626387456734,-0.21853626387456734,0.5465184119288006,-0.2765609799676531,0.4979062877650622,-0.2697192115936788,1.1,0.2
323,before,0.0,1.0,1.078073235625366,0.21853626387456734,0.21853626387456734,-0.21853626387456734,0.4778360138922187,-0.3995876430409519,0.44450887349826923,-0.3795960783794145,1.1,0.2
324,before,0.0,1.0,1.078073235625366,0.21853626387456734,0.21853626387456734,-0.21853626387456734,0.3962576107659909,-0.5063736809225998,0.3767422842146147,-0.4671149361017748,1.1,0.2
325,before,0.0,1.0,1.078073235625366,0.21853626387456734,0.21853626387456734,-0.21853626387456734,0.3040742204044518,-0.5859159618080088,0.2950366415838439,-0.5269519697833923,1.1,0.2
326,before,0.0,1.0,1.078073235625366,0.21853626387456734,0.21853626387456734,-0.21853626387456734,0.20291299210252955,-0.6325690204413749,0.20017321427374055,-0.5598186494801423,1.1,0.2
327,before,0.0,1.0,1.078073235625366,0.21853626387456734,0.21853626387456734,-0.21853626387456734,0.09346070869292486,-0.6472706091836261,0.09318953269051368,-0.569829691234492,1.1,0.2
328,before,0.0,1.0,1.078073235625366,0.21853626387456734,0.21853626387456734,-0.21853626387456734,-0.024063310733106275,-0.6346834312909737,-0.02405866724534997,-0.5612686919244498,1.1,0.2
329,before,0.0,1.0,1.078073235625366,0.21853626387456734,0.21853626387456734,-0.21853626387456734,-0.14859456820496325,-0.5998310635046081,-0.1475104689685291,-0.536929344638322,1.1,0.2
330,before,0.0,1.0,1.078073235625366,0.21853626387456734,0.21853626387456734,-0.21853626387456734,-0.27636562151139615,-0.5466127691056754,-0.26953805561976196,-0.49797724945680283,1.1,0.2
331,before,0.0,1.0,1.078073235625366,0.21853626387456734,0.21853626387456734,-0.21853626387456734,-0.39940785133698975,-0.4779521049425573,-0.37944218293287013,-0.4446020215268782,1.1,0.2
332,before,0.0,1.0,1.078073235625366,0.21853626387456734,0.21853626387456734,-0.21853626387456734,-0.5062281265827553,-0.39639166289850064,-0.4670011334528728,-0.3768573038818424,1.1,0.2
333,before,0.0,1.0,1.078073235625366,0.21853626387456734,0.21853626387456734,-0.21853626387456734,-0.5858184101864322,-0.30422309003497056,-0.5268815025157635,-0.29517254664599807,1.1,0.2
334,before,0.0,1.0,1.078073235625366,0.21853626387456734,0.21853626387456734,-0.21853626387456734,-0.6325227517506814,-0.20307490736601697,-0.5597868804317571,-0.2003286366646479,1.1,0.2
335,before,0.0,1.0,1.078073235625366,0.21853626387456734,0.21853626387456734,-0.21853626387456734,-0.647270325251472,-0.09363520810191994,-0.569829499496746,-0.0933625138815176,1.1,0.2
336,before,0.0,1.0,1.078073235625366,0.21853626387456734,0.21853626387456734,-0.21853626387456734,-0.634721027246844,0.0238767824391677,-0.5612944437632249,0.02387224608319386,1.1,0.2
337,before,0.0,1.0,1.078073235625366,0.21853626387456734,0.21853626387456734,-0.21853626387456734,-0.5998995656570444,0.1483992202501224,-0.536978096298226,0.1473193661515914,1.1,0.2
338,before,0.0,1.0,1.078073235625366,0.21853626387456734,0.21853626387456734,-0.21853626387456734,-0.5467070898610397,0.2761702526848161,-0.49804817709311766,0.269356870948824,1.1,0.2
339,before,0.0,1.0,1.078073235625366,0.21853626387456734,0.21853626387456734,-0.21853626387456734,-0.4780681655499926,0.3992280212531916,-0.4446951355177357,0.37928823362869835,1.1,0.2
340,before,0.0,1.0,1.078073235625366,0.21853626387456734,0.21853626387456734,-0.21853626387456734,-0.3965256901056662,0.506082506741961,-0.3769722905451589,0.46688726410885956,1.1,0.2
341,before,0.0,1.0,1.078073235625366,0.21853626387456734,0.21853626387456734,-0.21853626387456734,-0.3043719386601565,0.5857207794500899,-0.2953084205912154,0.5268109708459303,1.1,0.2
342,before,0.0,1.0,1.078073235625366,0.21853626387456734,0.21853626387456734,-0.21853626387456734,-0.20323680315738485,0.632476406829516,-0.2004840302837789,0.5597550573921523,1.1,0.2
343,before,0.0,1.0,1.078073235625366,0.21853626387456734,0.21853626387456734,-0.21853626387456734,-0.09380968829187239,0.6472699768251526,-0.09353547038539943,0.5698292642063774,1.1,0.2
344,before,0.0,1.0,1.078073235625366,0.21853626387456734,0.21853626387456734,-0.21853626387456734,0.023690271241927283,0.6347585708547662,0.023685840347926274,0.5613201586610328,1.1,0.2
345,before,0.0,1.0,1.078073235625366,0.21853626387456734,0.21853626387456734,-0.21853626387456734,0.1482038808536562,0.5999680246130781,0.1471282607081323,0.5370268136330301,1.1,0.2
346,before,0.0,1.0,1.078073235625366,0.21853626387456734,0.21853626387456734,-0.21853626387456734,0.27597487352537453,0.5468013741854225,0.2691756576233933,0.4981190706742816,1.1,0.2
347,before,0.0,1.0,1.078073235625366,0.21853626387456734,0.21853626387456734,-0.21853626387456734,0.3990481528354664,0.478184195705527,0.37913423049841805,0.44478821547016617,1.1,0.2
348,before,0.0,1.0,1.078073235625366,0.21853626387456734,0.21853626387456734,-0.21853626387456734,0.5059368214340489,0.3966596923798712,0.46677332807696986,0.3770872442021419,1.1,0.2
349,before,0.0,1.0,1.078073235625366,0.21853626387456734,0.21853626387456734,-0.21853626387456734,0.5856230696062521,0.304520766275817,0.5267403747617316,0.2954442634162787,1.1,0.2
350,before,0.0,1.0,1.078073235625366,0.21853626387456734,0.21853626387456734,-0.21853626387456734,0.6324299856640649,0.20339867947582224,0.5597231803437022,0.2006393951268293,1.1,0.2
351,before,0.0,1.0,1.078073235625366,0.21853626387456734,0.21853626387456734,-0.21853626387456734,0.6472695638847256,0.0939841492619938,0.5698289853498673,0.09370840219298662,1.1,0.2
352,before,0.0,1.0,1.078073235625366,0.21853626387456734,0.21853626387456734,-0.21853626387456734,0.6347960620981613,-0.023503777148319333,0.5613458366110483,-0.023499450059879166,1.1,0.2
353,before,0.0,1.0,1.078073235625366,0.21853626387456734,0.21853626387456734,-0.21853626387456734,0.6000364403609079,-0.14800855003599245,0.5370754966410561,-0.14693715267321908,1.1,0.2
354,before,0.0,1.0,1.078073235625366,0.21853626387456734,0.21853626387456734,-0.21853626387456734,0.5468956220693515,-0.27577948407050984,0.4981899302005695,-0.2689944156859997,1.1,0.2
355,before,0.0,1.0,1.078073235625366,0.21853626387456734,0.21853626387456734,-0.21853626387456734,0.47830019540016255,-0.3988682461297243,0.44488126138349704,-0.37898017357357944,1.1,0.2
356,before,0.0,1.0,1.078073235625366,0.21853626387456734,0.21853626387456734,-0.21853626387456734,0.3967936697134957,-0.5057910706928859,0.3772021648503716,-0.46665932536447696,1.1,0.2
357,before,0.0,1.0,1.078073235625366,0.21853626387456734,0.21853626387456734,-0.21853626387456734,0.30466957287775387,-0.585525280662231,0.29558007511797196,-0.5266697142510262,1.1,0.2
358,before,0.0,1.0,1.078073235625366,0.21853626387456734,0.21853626387456734,-0.21853626387456734,0.20356053632051552,-0.6323834882405363,0.20079473118949914,-0.5596912492687811,1.1,0.2
359,before,0.0,1.0,1.078073235625366,0.21853626387456734,0.21853626387456734,-0.21853626387456734,0.09415859101150034,-0.6472690864102493,0.09388130929511916,-0.5698286629136877,1.1,0.2
360,before,0.0,1.0,1.078073235625366,0.21853626387456734,0.21853626387456734,-0.21853626387456734,-0.02331730016526269,-0.6348335009604433,-0.023313075239362557,-0.5613714776064371,1.1,0.2
361,before,0.0,1.0,1.078073235625366,0.21853626387456734,0.21853626387456734,-0.21853626387456734,-0.1478132278175333,-0.6001048128887273,-0.14674604208189823,-0.5371241453206205,1.1,0.2
362,before,0.0,1.0,1.078073235625366,0.21853626387456734,0.21853626387456734,-0.21853626387456734,-0.2755840843576367,-0.5469898335033525,-0.2688131451791743,-0.4982607556722555,1.1,0.2
363,before,0.0,1.0,1.078073235625366,0.21853626387456734,0.21853626387456734,-0.21853626387456734,-0.39868830118187704,-0.47841616462489994,-0.37882606288576387,-0.44497427325705796,1.1,0.2
364,before,0.0,1.0,1.078073235625366,0.21853626387456734,0.21853626387456734,-0.21853626387456734,-0.5056452545523721,-0.3969276220989155,-0.4665452559786916,-0.3773170524874298,1.1,0.2
365,before,0.0,1.0,1.078073235625366,0.21853626387456734,0.21853626387456734,-0.21853626387456734,-0.5854274126253796,-0.30481835846176253,-0.5265989893016911,-0.29571585569307945,1.1,0.2
366,before,0.0,1.0,1.078073235625366,0.21853626387456734,0.21853626387456734,-0.21853626387456734,-0.632336914545158,-0.2037223736906471,-0.5596592641497617,-0.20095003846749174,1.1,0.2
367,before,0.0,1.0,1.078073235625366,0.21853626387456734,0.21853626387456734,-0.21853626387456734,-0.6472685443817813,-0.09433301353961204,-0.5698282968843005,-0.0940541916826489,1.1,0.2
368,before,0.0,1.0,1.078073235625366,0.21853626387456734,0.21853626387456734,-0.21853626387456734,-0.634870887425018,0.0231308402996611,-0.5613970816403546,0.023126715906664923,1.1,0.2
369,before,0.0,1.0,1.078073235625366,0.21853626387456734,0.21853626387456734,-0.21853626387456734,-0.6001731421847237,0.14761791421865544,-0.5371727596700336,0.14655492896919545,1.1,0.2
370,before,0.0,1.0,1.078073235625366,0.21853626387456734,0.21853626387456734,-0.21853626387456734,-0.5470840084779497,0.2753886744241462,-0.4983315470896131,0.2686318461454492,1.1,0.2
371,before,0.0,1.0,1.078073235625366,0.21853626387456734,0.21853626387456734,-0.21853626387456734,-0.47853210337073954,0.398508318037837,-0.44506725109018175,0.37867189846658367,1.1,0.2
372,before,0.0,1.0,1.078073235625366,0.21853626387456734,0.21853626387456734,-0.21853626387456734,-0.3970615495285027,0.5054993730464421,-0.3774319071109007,0.46643111992696284,1.1,0.2
373,before,0.0,1.0,1.078073235625366,0.21853626387456734,0.21853626387456734,-0.21853626387456734,-0.30496712302363255,0.585329465503093,-0.2958516051383865,0.5265281999016235,1.1,0.2
374,before,0.0,1.0,1.078073235625366,0.21853626387456734,0.21853626387456734,-0.21853626387456734,-0.20388419158539633,0.6322902645641795,-0.20110531695651418,0.5596272249690161,1.1,0.2
375,before,0.0,1.0,1.078073235625366,0.21853626387456734,0.21853626387456734,-0.21853626387456734,-0.09450741684555325,0.6472679377793791,-0.09422704934644002,0.5698278872481577,1.1,0.2
376,before,0.0,1.0,1.078073235625366,0.21853626387456734,0.21853626387456734,-0.21853626387456734,0.022944397558402982,0.634908221475283,0.02294037208205294,0.5614226487059466,1.1,0.2
377,before,0.0,1.0,1.078073235625366,0.21853626387456734,0.21853626387456734,-0.21853626387456734,0.1474226092597099,0.6002414282370788,0.1463638133701155,0.5372213396876007,1.1,0.2
378,before,0.0,1.0,1.078073235625366,0.21853626387456734,0.21853626387456734,-0.21853626387456734,0.2751932543074057,0.547178146983666,0.2684505186273576,0.4984023044529158,1.1,0.2
379,before,0.0,1.0,1.078073235625366,0.21853626387456734,0.21853626387456734,-0.21853626387456734,0.3983282967435178,0.478648011628681,0.37851768034768224,0.4451601948822038,1.1,0.2
380,before,0.0,1.0,1.078073235625366,0.21853626387456734,0.21853626387456734,-0.21853626387456734,0.5053534262090649,0.39719545199462575,0.466316917216678,0.3775467287183706,1.1,0.2
381,before,0.0,1.0,1.078073235625366,0.21853626387456734,0.21853626387456734,-0.21853626387456734,0.5852314393028075,0.30511586655914735,0.5264573460387397,0.2959873234506789,1.1,0.2
382,before,0.0,1.0,1.078073235625366,0.21853626387456734,0.21853626387456734,-0.21853626387456734,0.6322435382838716,0.20404599000393875,0.5595951317089155,0.20126056665227698,1.1,0.2
383,before,0.0,1.0,1.078073235625366,0.21853626387456734,0.21853626387456734,-0.21853626387456734,0.6472672665831003,0.09468180092855204,0.569827433991702,0.09439988227736838,1.1,0.2
384,before,0.0,1.0,1.078073235625366,0.21853626387456734,0.21853626387456734,-0.21853626387456734,0.6349455030946288,-0.022757971948362016,0.5614481787963493,-0.02275404378577207,1.1,0.2
385,before,0.0,1.0,1.078073235625366,0.21853626387456734,0.21853626387456734,-0.21853626387456734,0.6003096710339684,-0.14722731296102282,0.5372698853716209,-0.1461726953196428,1.1,0.2
386,before,0.0,1.0,1.078073235625366,0.21853626387456734,0.21853626387456734,-0.21853626387456734,0.5472722490110226,-0.2749978240447592,0.4984730277624364,-0.26826916266743384,1.1,0.2
387,before,0.0,1.0,1.078073235625366,0.21853626387456734,0.21853626387456734,-0.21853626387456734,0.4787638893897232,-0.39814823734483434,0.4452531046324625,-0.37836340856073414,1.1,0.2
388,before,0.0,1.0,1.078073235625366,0.21853626387456734,0.21853626387456734,-0.21853626387456734,0.3973293294896491,-0.5052074140742431,0.37766151730742775,-0.46620264785526216,1.1,0.2
389,before,0.0,1.0,1.078073235625366,0.21853626387456734,0.21853626387456734,-0.21853626387456734,0.30526458906408416,-0.5851333340320011,0.29612301062674323,-0.5263864277009752,1.1,0.2
390,before,0.0,1.0,1.078073235625366,0.21853626387456734,0.21853626387456734,-0.21853626387456734,0.2042077689454465,-0.6321967356905254,0.20141578755049427,-0.5595629843518302,1.1,0.2
391,before,0.0,1.0,1.078073235625366,0.21853626387456734,0.21853626387456734,-0.21853626387456734,0.09485616578784072,-0.6472665307730022,0.09457269046632209,-0.569826937101366,1.1,0.2
392,before,0.0,1.0,1.078073235625366,0.21853626387456734,0.21853626387456734,-0.21853626387456734,-0.02257156347639655,-0.6349827322664375,-0.022567731038045956,-0.561473671904689,1.1,0.2
393,before,0.0,1.0,1.078073235625366,0.21853626387456734,0.21853626387456734,-0.21853626387456734,-0.14703202534289456,-0.6003778705635625,-0.14598157485274074,-0.5373183967203881,1.1,0.2
394,before,0.0,1.0,1.078073235625366,0.21853626387456734,0.21853626387456734,-0.21853626387456734,-0.27480238367352694,-0.5473663145505393,-0.2680877783082134,-0.4985437170184474,1.1,0.2
395,before,0.0,1.0,1.078073235625366,0.21853626387456734,0.21853626387456734,-0.21853626387456734,-0.39796813988770247,-0.47887973664486416,-0.37820908313744495,-0.4453459803402984,1.1,0.2
396,before,0.0,1.0,1.078073235625366,0.21853626387456734,0.21853626387456734,-0.21853626387456734,-0.5050613366760136,-0.3974631820059332,-0.46608831185017885,-0.37777627287566257,1.1,0.2
397,before,0.0,1.0,1.078073235625366,0.21853626387456734,0.21853626387456734,-0.21853626387456734,-0.5850351496981931,-0.3054132905342144,-0.5263154448762852,-0.2962586666633668,1.1,0.2
398,before,0.0,1.0,1.078073235625366,0.21853626387456734,0.21853626387456734,-0.21853626387456734,-0.6321498567704538,-0.2043695284090884,-0.5595307828801298,-0.2015709796468838,1.1,0.2
399,before,0.0,1.0,1.078073235625366,0.21853626387456734,0.21853626387456734,-0.21853626387456734,-0.647265730329142,-0.0950305114226555,-0.5698263965635725,-0.09474547390420118,1.1,0.2
400,during,0.1,1.0,1.078073235625366,0.21853626387456734,0.31853626387456735,-0.31853626387456735,-0.6350199089740829,0.02238517214934989,-0.5614991280240816,0.0223814338590767,1.1,0.2
401,during,0.1,1.0,1.078073235625366,0.21853626387456734,0.31853626387456735,-0.31853626387456735,-0.5982078834281173,0.20298665922800826,-0.535773109530625,0.20024392856501683,1.1,0.2
402,during,0.1,1.0,1.078073235625366,0.21853626387456734,0.31853626387456735,-0.31853626387456735,-0.5138176968840782,0.386540784576767,-0.4729144216924558,0.3683742434525427,1.1,0.2
403,during,0.1,1.0,1.078073235625366,0.21853626387456734,0.31853626387456735,-0.31853626387456735,-0.39249582555089124,0.5477748055782455,-0.3735098612200895,0.49885061678404485,1.1,0.2
404,during,0.1,1.0,1.078073235625366,0.21853626387456734,0.31853626387456735,-0.31853626387456735,-0.24376897292161012,0.6567739342434402,-0.23905252806822466,0.5762124741116254,1.1,0.2
405,during,0.1,1.0,1.078073235625366,0.21853626387456734,0.31853626387456735,-0.31853626387456735,-0.07417156371749659,0.6973461455338398,-0.07403584603631666,0.602680568461488,1.1,0.2
406,during,0.1,1.0,1.078073235625366,0.21853626387456734,0.31853626387456735,-0.31853626387456735,0.11215955249888947,0.6733168922790123,0.11169159347137321,0.5871574965251619,1.1,0.2
407,during,0.1,1.0,1.078073235625366,0.21853626387456734,0.31853626387456735,-0.31853626387456735,0.30744267281490567,0.5974209592100026,0.29810881679870327,0.5352118376087087,1.1,0.2
408,during,0.1,1.0,1.078073235625366,0.21853626387456734,0.31853626387456735,-0.31853626387456735,0.4918675158279472,0.4820390887846917,0.4556973985640541,0.4478751615737546,1.1,0.2
409,during,0.1,1.0,1.078073235625366,0.21853626387456734,0.31853626387456735,-0.31853626387456735,0.6339396495859337,0.3376860777980978,0.5607590055443159,0.3254100581156692,1.1,0.2
410,during,0.1,1.0,1.078073235625366,0.21853626387456734,0.31853626387456735,-0.31853626387456735,0.7081941796525942,0.1721937956976937,0.6095432012732861,0.17051185216087061,1.1,0.2
411,during,0.1,1.0,1.078073235625366,0.21853626387456734,0.31853626387456735,-0.31853626387456735,0.7114464195837915,-0.010337349832192144,0.6115830435667926,-0.01033698162876774,1.1,0.2
412,during,0.1,1.0,1.078073235625366,0.21853626387456734,0.31853626387456735,-0.31853626387456735,0.6560386071238936,-0.20595540097792847,0.5757210827856107,-0.2030919293788578,1.1,0.2
413,during,0.1,1.0,1.078073235625366,0.21853626387456734,0.31853626387456735,-0.31853626387456735,0.5559773461290036,-0.4023360161792125,0.5049866937487961,-0.3819459721905677,1.1,0.2
414,during,0.1,1.0,1.078073235625366,0.21853626387456734,0.31853626387456735,-0.31853626387456735,0.4227489958939975,-0.5726223048066732,0.3992437831742974,-0.517282507765671,1.1,0.2
415,during,0.1,1.0,1.078073235625366,0.21853626387456734,0.31853626387456735,-0.31853626387456735,0.2656407997386831,-0.6848420499468288,0.25956395012512623,-0.5946582207190146,1.1,0.2
416,during,0.1,1.0,1.078073235625366,0.21853626387456734,0.31853626387456735,-0.31853626387456735,0.0904087396529632,-0.7237656430111533,0.09016321650860773,-0.6192364114239096,1.1,0.2
417,during,0.1,1.0,1.078073235625366,0.21853626387456734,0.31853626387456735,-0.31853626387456735,-0.10004670239424147,-0.6963024558063803,-0.0997142328759358,-0.6020155536929268,1.1,0.2
418,during,0.1,1.0,1.078073235625366,0.21853626387456734,0.31853626387456735,-0.31853626387456735,-0.2992630309421852,-0.6172542566711107,-0.29063804012634664,-0.5492133905384837,1.1,0.2
419,during,0.1,1.0,1.078073235625366,0.21853626387456734,0.31853626387456735,-0.31853626387456735,-0.4882734738068377,-0.4995135015449278,-0.45284503643224183,-0.46173446564666454,1.1,0.2
420,during,0.1,1.0,1.078073235625366,0.21853626387456734,0.31853626387456735,-0.31853626387456735,-0.6352792852526019,-0.3535360033601804,-0.561676701954131,-0.3395077156589541,1.1,0.2
421,during,0.1,1.0,1.078073235625366,0.21853626387456734,0.31853626387456735,-0.31853626387456735,-0.7136741387536665,-0.18709978339436756,-0.6129756208274638,-0.1849467014532799,1.1,0.2
422,during,0.1,1.0,1.078073235625366,0.21853626387456734,0.31853626387456735,-0.31853626387456735,-0.7197448422017841,-0.004131124749402276,-0.6167512274115635,-0.004131101248707073,1.1,0.2
423,during,0.1,1.0,1.078073235625366,0.21853626387456734,0.31853626387456735,-0.31853626387456735,-0.666218896868951,0.19200400202984347,-0.5824871771141992,0.18967883982772327,1.1,0.2
424,during,0.1,1.0,1.078073235625366,0.21853626387456734,0.31853626387456735,-0.31853626387456735,-0.5675442467670048,0.3900309697355395,-0.5135534792294987,0.3713869263177214,1.1,0.2
425,during,0.1,1.0,1.078073235625366,0.21853626387456734,0.31853626387456735,-0.31853626387456735,-0.43534805705850366,0.563967711897855,-0.4097810484373439,0.5109153752991289,1.1,0.2
426,during,0.1,1.0,1.078073235625366,0.21853626387456734,0.31853626387456735,-0.31853626387456735,-0.2790289059829453,0.6813343159553147,-0.27200607292363876,0.5923861560197374,1.1,0.2
427,during,0.1,1.0,1.078073235625366,0.21853626387456734,0.31853626387456735,-0.31853626387456735,-0.10454599423699282,0.7252794581801602,-0.10416676094022397,0.6201688737036736,1.1,0.2
428,during,0.1,1.0,1.078073235625366,0.21853626387456734,0.31853626387456735,-0.31853626387456735,0.08524687898942537,0.7017683551576724,0.08504098025792269,0.6054890226596885,1.1,0.2
429,during,0.1,1.0,1.078073235625366,0.21853626387456734,0.31853626387456735,-0.31853626387456735,0.28455061584249197,0.6256728736667814,0.27711152639401626,0.5550654590885744,1.1,0.2
430,during,0.1,1.0,1.078073235625366,0.21853626387456734,0.31853626387456735,-0.31853626387456735,0.4755549974325771,0.5101311451693701,0.44267670431759387,0.4700473745920033,1.1,0.2
431,during,0.1,1.0,1.078073235625366,0.21853626387456734,0.31853626387456735,-0.31853626387456735,0.6269650415062278,0.36573691052597657,0.5559588717488395,0.3502572182142309,1.1,0.2
432,during,0.1,1.0,1.078073235625366,0.21853626387456734,0.31853626387456735,-0.31853626387456735,0.7109340054259594,0.20050987066656065,0.6112621891109057,0.19786527850137922,1.1,0.2
433,during,0.1,1.0,1.078073235625366,0.21853626387456734,0.31853626387456735,-0.31853626387456735,0.7220126725945686,0.018604087044718914,0.6181544506943286,0.01860194097556588,1.1,0.2
434,during,0.1,1.0,1.078073235625366,0.21853626387456734,0.31853626387456735,-0.31853626387456735,0.6723411615554277,-0.1768503545251665,0.5865177865072595,-0.17502940525616648,1.1,0.2
435,during,0.1,1.0,1.078073235625366,0.21853626387456734,0.31853626387456735,-0.31853626387456735,0.576555915033222,-0.37552170166410237,0.5201576926550954,-0.35881201803920154,1.1,0.2
436,during,0.1,1.0,1.078073235625366,0.21853626387456734,0.31853626387456735,-0.31853626387456735,0.4464734470966022,-0.5525147213127587,0.4189958670312367,-0.5024025700737268,1.1,0.2
437,during,0.1,1.0,1.078073235625366,0.21853626387456734,0.31853626387456735,-0.31853626387456735,0.2916747924517555,-0.6750921423688975,0.2836755620830223,-0.5883195097306249,1.1,0.2
438,during,0.1,1.0,1.078073235625366,0.21853626387456734,0.31853626387456735,-0.31853626387456735,0.1184219324885778,-0.7246124711352675,0.117871446878891,-0.619758246374322,1.1,0.2
439,during,0.1,1.0,1.078073235625366,0.21853626387456734,0.31853626387456735,-0.31853626387456735,-0.07034142418096068,-0.7056911082805595,-0.07022563884897948,-0.6079677278763767,1.1,0.2
440,during,0.1,1.0,1.078073235625366,0.21853626387456734,0.31853626387456735,-0.31853626387456735,-0.26936815029182837,-0.6330643229203288,-0.26303680021756504,-0.5601586313897343,1.1,0.2
441,during,0.1,1.0,1.078073235625366,0.21853626387456734,0.31853626387456735,-0.31853626387456735,-0.4620037719190702,-0.5201052686029835,-0.431715932376477,-0.4777812546746079,1.1,0.2
442,during,0.1,1.0,1.078073235625366,0.21853626387456734,0.31853626387456735,-0.31853626387456735,-0.617612047901483,-0.3775660029938732,-0.5494632101852935,-0.3605918156222664,1.1,0.2
443,during,0.1,1.0,1.078073235625366,0.21853626387456734,0.31853626387456735,-0.31853626387456735,-0.7072231505936236,-0.2137204272989726,-0.6089325899614267,-0.21052480570724963,1.1,0.2
444,during,0.1,1.0,1.078073235625366,0.21853626387456734,0.31853626387456735,-0.31853626387456735,-0.723533712600356,-0.03299404631043934,-0.6190933950575717,-0.03298207900388851,1.1,0.2
445,during,0.1,1.0,1.078073235625366,0.21853626387456734,0.31853626387456735,-0.31853626387456735,-0.6779340077847237,0.16164660042168688,-0.5901746424909756,0.16025324020371662,1.1,0.2
446,during,0.1,1.0,1.078073235625366,0.21853626387456734,0.31853626387456735,-0.31853626387456735,-0.5852050180060041,0.3607567548384536,-0.5264382473325511,0.3458804302163011,1.1,0.2
447,during,0.1,1.0,1.078073235625366,0.21853626387456734,0.31853626387456735,-0.31853626387456735,-0.4573635246703214,0.5405741070087675,-0.4279329770036884,0.4934224213508297,1.1,0.2
448,during,0.1,1.0,1.078073235625366,0.21853626387456734,0.31853626387456735,-0.31853626387456735,-0.30417015454012586,0.6682576779992677,-0.2951242224981104,0.5838326178599664,1.1,0.2
449,during,0.1,1.0,1.078073235625366,0.21853626387456734,0.31853626387456735,-0.31853626387456735,-0.13219366463873658,0.7234220866133565,-0.13142897406596418,0.6190245479453658,1.1,0.2
450,during,0.1,1.0,1.078073235625366,0.21853626387456734,0.31853626387456735,-0.31853626387456735,0.05549170742294349,0.7092186916988296,0.05543481840832073,0.6101866610725047,1.1,0.2
451,during,0.1,1.0,1.078073235625366,0.21853626387456734,0.31853626387456735,-0.31853626387456735,0.2541293733318955,0.6401679080935221,0.2487963908296089,0.565013868691284,1.1,0.2
452,during,0.1,1.0,1.078073235625366,0.21853626387456734,0.31853626387456735,-0.31853626387456735,0.4481981368438266,0.529875656792878,0.4204167463050497,0.4852860362752463,1.1,0.2
453,during,0.1,1.0,1.078073235625366,0.21853626387456734,0.31853626387456735,-0.31853626387456735,0.6078212429057883,0.3892559076927512,0.5425915978015206,0.37071857497568617,1.1,0.2
454,during,0.1,1.0,1.078073235625366,0.21853626387456734,0.31853626387456735,-0.31853626387456735,0.7030407892866811,0.2268266732570345,0.6062943399736533,0.22301499579117778,1.1,0.2
455,during,0.1,1.0,1.078073235625366,0.21853626387456734,0.31853626387456735,-0.31853626387456735,0.7246680643840663,0.04729976424206811,0.6197924850607637,0.047264521702320005,1.1,0.2
456,during,0.1,1.0,1.078073235625366,0.21853626387456734,0.31853626387456735,-0.31853626387456735,0.6832371539426192,-0.14647176672688378,0.5936198553835095,-0.14543321090340194,1.1,0.2
457,during,0.1,1.0,1.078073235625366,0.21853626387456734,0.31853626387456735,-0.31853626387456735,0.5936399265803103,-0.3458771031416409,0.5325084303690796,-0.3327140899899386,1.1,0.2
458,during,0.1,1.0,1.078073235625366,0.21853626387456734,0.31853626387456735,-0.31853626387456735,0.4681015833619569,-0.5283134014250791,0.4366641543422502,-0.48409079081815476,1.1,0.2
459,during,0.1,1.0,1.078073235625366,0.21853626387456734,0.31853626387456735,-0.31853626387456735,0.31655546587006417,-0.6609786934858981,0.3063890429641885,-0.579014360741512,1.1,0.2
460,during,0.1,1.0,1.078073235625366,0.21853626387456734,0.31853626387456735,-0.31853626387456735,0.14587275570823977,-0.7218159063960716,0.1448468184442063,-0.6180328570088939,1.1,0.2
461,during,0.1,1.0,1.078073235625366,0.21853626387456734,0.31853626387456735,-0.31853626387456735,-0.04071039899315235,-0.7124236462597026,-0.040687923614845,-0.6121943888485776,1.1,0.2
462,during,0.1,1.0,1.078073235625366,0.21853626387456734,0.31853626387456735,-0.31853626387456735,-0.2388706748511337,-0.647029806444593,-0.2344287714732924,-0.5696670562469551,1.1,0.2
463,during,0.1,1.0,1.078073235625366,0.21853626387456734,0.31853626387456735,-0.31853626387456735,-0.4341909999352199,-0.5394687415475249,-0.40881782866233635,-0.49258571844264765,1.1,0.2
464,during,0.1,1.0,1.078073235625366,0.21853626387456734,0.31853626387456735,-0.31853626387456735,-0.597641973718032,-0.400820175556897,-0.5353695234775686,-0.38065051749374523,1.1,0.2
465,during,0.1,1.0,1.078073235625366,0.21853626387456734,0.31853626387456735,-0.31853626387456735,-0.6984185481150509,-0.23983452723609971,-0.603363007496512,-0.23533944751481228,1.1,0.2
466,during,0.1,1.0,1.078073235625366,0.21853626387456734,0.31853626387456735,-0.31853626387456735,-0.7254336581020897,-0.06152016148451819,-0.6202637578067112,-0.061442666395830896,1.1,0.2
467,during,0.1,1.0,1.078073235625366,0.21853626387456734,0.31853626387456735,-0.31853626387456735,-0.6882614737160488,0.13133680586174595,-0.596863979566376,0.1305868216697258,1.1,0.2
468,during,0.1,1.0,1.078073235625366,0.21853626387456734,0.31853626387456735,-0.31853626387456735,-0.6018664433934264,0.3309049794598935,-0.5383763551351582,0.31933370667955263,1.1,0.2
469,during,0.1,1.0,1.078073235625366,0.21853626387456734,0.31853626387456735,-0.31853626387456735,-0.4786897733098294,0.5157575151274274,-0.44519368012873284,0.474419021209151,1.1,0.2
470,during,0.1,1.0,1.078073235625366,0.21853626387456734,0.31853626387456735,-0.31853626387456735,-0.32883172868935506,0.6532687808059443,-0.3174706428281811,0.5738663757387024,1.1,0.2
471,during,0.1,1.0,1.078073235625366,0.21853626387456734,0.31853626387456735,-0.31853626387456735,-0.15945935183879717,0.7197958929655709,-0.1581214187396,0.6167828583838652,1.1,0.2
472,during,0.1,1.0,1.078073235625366,0.21853626387456734,0.31853626387456735,-0.31853626387456735,0.02600123780919883,0.7153044977800135,0.02599537988986042,0.6139923731884368,1.1,0.2
473,during,0.1,1.0,1.078073235625366,0.21853626387456734,0.31853626387456735,-0.31853626387456735,0.22360375991209613,0.6536482732244391,0.2199501840134995,0.5741208372924015,1.1,0.2
474,during,0.1,1.0,1.078073235625366,0.21853626387456734,0.31853626387456735,-0.31853626387456735,0.420000713079488,0.5488821988455799,0.3969310327360354,0.4996819734897446,1.1,0.2
475,during,0.1,1.0,1.078073235625366,0.21853626387456734,0.31853626387456735,-0.31853626387456735,0.5870875517427496,0.412256833760147,0.5277977120006282,0.3903872510943634,1.1,0.2
476,during,0.1,1.0,1.078073235625366,0.21853626387456734,0.31853626387456735,-0.31853626387456735,0.6933570835600433,0.25274333567196755,0.6001343210014614,0.2474957007089447,1.1,0.2
477,during,0.1,1.0,1.078073235625366,0.21853626387456734,0.31853626387456735,-0.31853626387456735,0.7258251050807227,0.07565394643195342,0.6205045460372305,0.0755099404959455,1.1,0.2
478,during,0.1,1.0,1.078073235625366,0.21853626387456734,0.31853626387456735,-0.31853626387456735,0.6930019979975753,-0.11624795393954104,0.5999070750660881,-0.11572712678390071,1.1,0.2
479,during,0.1,1.0,1.078073235625366,0.21853626387456734,0.31853626387456735,-0.31853626387456735,0.6098804748963648,-0.3158544763850181,0.5440429565893414,-0.3057537219909433,1.1,0.2
480,during,0.1,1.0,1.078073235625366,0.21853626387456734,0.31853626387456735,-0.31853626387456735,0.48912450226072357,-0.5029223151505171,0.45352128487093984,-0.4644122993725146,1.1,0.2
481,during,0.1,1.0,1.078073235625366,0.21853626387456734,0.31853626387456735,-0.31853626387456735,0.34099700026626956,-0.6451334459191254,0.3283671845198855,-0.5683847199284306,1.1,0.2
482,during,0.1,1.0,1.078073235625366,0.21853626387456734,0.31853626387456735,-0.31853626387456735,0.1729527279591499,-0.7173572102292357,0.1712486235195701,-0.6152696288972503,1.1,0.2
483,during,0.1,1.0,1.078073235625366,0.21853626387456734,0.31853626387456735,-0.31853626387456735,-0.011367131210288595,-0.717854616336863,-0.011366641646915174,-0.6155786439860211,1.1,0.2
484,during,0.1,1.0,1.078073235625366,0.21853626387456734,0.31853626387456735,-0.31853626387456735,-0.20833819351476346,-0.6600181729408756,-0.2053753311453381,-0.5783755069325348,1.1,0.2
485,during,0.1,1.0,1.078073235625366,0.21853626387456734,0.31853626387456735,-0.31853626387456735,-0.4056432208603342,-0.558111663490181,-0.38476713892977304,-0.5065750211942606,1.1,0.2
486,during,0.1,1.0,1.078073235625366,0.21853626387456734,0.31853626387456735,-0.31853626387456735,-0.5761696690517347,-0.42356268528948837,-0.5198758943393343,-0.3999275517814085,1.1,0.2
487,during,0.1,1.0,1.078073235625366,0.21853626387456734,0.31853626387456735,-0.31853626387456735,-0.6878557156989895,-0.2655518647034132,-0.5966027082064445,-0.25948100503497984,1.1,0.2
488,during,0.1,1.0,1.078073235625366,0.21853626387456734,0.31853626387456735,-0.31853626387456735,-0.7258355219092378,-0.08969992899185308,-0.6205109520756515,-0.08946012324087,1.1,0.2
489,during,0.1,1.0,1.078073235625366,0.21853626387456734,0.31853626387456735,-0.31853626387456735,-0.697452543268079,0.10121067584570005,-0.6027483156547265,0.10086649876510162,1.1,0.2
490,during,0.1,1.0,1.078073235625366,0.21853626387456734,0.31853626387456735,-0.31853626387456735,-0.6176771892588863,0.30073866921524006,-0.5495086830995848,0.2919884504008182,1.1,0.2
491,during,0.1,1.0,1.078073235625366,0.21853626387456734,0.31853626387456735,-0.31853626387456735,-0.4994016939082021,0.48982337637002216,-0.46164649071323544,0.4540762374811498,1.1,0.2
492,during,0.1,1.0,1.078073235625366,0.21853626387456734,0.31853626387456735,-0.31853626387456735,-0.3530489777568469,0.6365785869444944,-0.33907675607529947,0.5625654499187236,1.1,0.2
493,during,0.1,1.0,1.078073235625366,0.21853626387456734,0.31853626387456735,-0.31853626387456735,-0.1863520789454258,0.714494997891852,-0.18422447270699732,0.613487793259096,1.1,0.2
494,during,0.1,1.0,1.078073235625366,0.21853626387456734,0.31853626387456735,-0.31853626387456735,-0.0031893637752041237,0.7200669455458483,-0.0031893529611347867,0.6169507687694459,1.1,0.2
495,during,0.1,1.0,1.078073235625366,0.21853626387456734,0.31853626387456735,-0.31853626387456735,0.19308283681199948,0.6661340360852507,0.19071864704352845,0.5824311060856215,1.1,0.2
496,during,0.1,1.0,1.078073235625366,0.21853626387456734,0.31853626387456735,-0.31853626387456735,0.3911340974091545,0.5671525817861289,0.3723375116946036,0.5132650528650343,1.1,0.2
497,during,0.1,1.0,1.078073235625366,0.21853626387456734,0.31853626387456735,-0.31853626387456735,0.5649006382943091,0.43473431640008003,0.5116044470573085,0.4092702390177836,1.1,0.2
498,during,0.1,1.0,1.078073235625366,0.21853626387456734,0.31853626387456735,-0.31853626387456735,0.6819144744511747,0.2782587216758199,0.5927625950924558,0.2712927231747352,1.1,0.2
499,during,0.1,1.0,1.078073235625366,0.21853626387456734,0.31853626387456735,-0.31853626387456735,0.7254580593054498,0.10365704146925964,0.6202787709779223,0.10328737274569201,1.1,0.2
500,during,0.1,1.0,1.078073235625366,0.21853626387456734,0.31853626387456735,-0.31853626387456735,0.7016067154377266,-0.08622993013282435,0.6053866327818128,-0.08601684011071348,1.1,0.2
501,during,0.1,1.0,1.078073235625366,0.21853626387456734,0.31853626387456735,-0.31853626387456735,0.6252516431282714,-0.28557004934235,0.5547739405520721,-0.2780524106591455,1.1,0.2
502,during,0.1,1.0,1.078073235625366,0.21853626387456734,0.31853626387456735,-0.31853626387456735,0.5095171610789256,-0.4764764803511663,0.46956890890468295,-0.4434173086718964,1.1,0.2
503,during,0.1,1.0,1.078073235625366,0.21853626387456734,0.31853626387456735,-0.31853626387456735,0.3649851801302826,-0.6276110585663577,0.3495975366236302,-0.5564050509120243,1.1,0.2
504,during,0.1,1.0,1.078073235625366,0.21853626387456734,0.31853626387456735,-0.31853626387456735,0.19965656135603974,-0.7112048867308659,0.19704523856400574,-0.6114318298353455,1.1,0.2
505,during,0.1,1.0,1.078073235625366,0.21853626387456734,0.31853626387456735,-0.31853626387456735,0.017665987213528633,-0.7219343452613802,0.01766414966732048,-0.6181060510608469,1.1,0.2
506,during,0.1,1.0,1.078073235625366,0.21853626387456734,0.31853626387456735,-0.31853626387456735,-0.1778459451967658,-0.6719902626663344,-0.1759943272522843,-0.5862875505536219,1.1,0.2
507,during,0.1,1.0,1.078073235625366,0.21853626387456734,0.31853626387456735,-0.31853626387456735,-0.3764886197421019,-0.576000341166153,-0.3596541567845666,-0.5197523199844849,1.1,0.2
508,during,0.1,1.0,1.078073235625366,0.21853626387456734,0.31853626387456735,-0.31853626387456735,-0.5532934826588468,-0.4457681739403505,-0.5029845377458201,-0.4184142381142077,1.1,0.2
509,during,0.1,1.0,1.078073235625366,0.21853626387456734,0.31853626387456735,-0.31853626387456735,-0.6755342762379886,-0.2908623760752763,-0.5886085370937734,-0.28292835029459706,1.1,0.2
510,during,0.1,1.0,1.078073235625366,0.21853626387456734,0.31853626387456735,-0.31853626387456735,-0.7246860497484332,-0.11752431776171796,-0.6198035613547902,-0.1169862098988954,1.1,0.2
511,during,0.1,1.0,1.078073235625366,0.21853626387456734,0.31853626387456735,-0.31853626387456735,-0.7054579810679237,0.07131020894085568,-0.607820749424172,0.07118958002897349,1.1,0.2
512,during,0.1,1.0,1.078073235625366,0.21853626387456734,0.31853626387456735,-0.31853626387456735,-0.6325988191627231,0.27036053151166173,-0.5598391090326811,0.26396027884867296,1.1,0.2
513,during,0.1,1.0,1.078073235625366,0.21853626387456734,0.31853626387456735,-0.31853626387456735,-0.5194666386687392,0.46289757005709947,-0.47728825758326904,0.43244286493471745,1.1,0.2
514,during,0.1,1.0,1.078073235625366,0.21853626387456734,0.31853626387456735,-0.31853626387456735,-0.3768029616432689,0.6182386969850506,-0.3599278072647184,0.5499005171262096,1.1,0.2
515,during,0.1,1.0,1.078073235625366,0.21853626387456734,0.31853626387456735,-0.31853626387456735,-0.2128652795413427,0.7074830887609834,-0.20970741173551624,0.6090961174548878,1.1,0.2
516,during,0.1,1.0,1.078073235625366,0.21853626387456734,0.31853626387456735,-0.31853626387456735,-0.03206074630974423,0.7234496375924757,-0.032049765835370225,0.619041541336652,1.1,0.2
517,during,0.1,1.0,1.078073235625366,0.21853626387456734,0.31853626387456735,-0.31853626387456735,0.16263518500535779,0.6775811301225717,0.16121628396399226,0.5899446263806728,1.1,0.2
518,during,0.1,1.0,1.078073235625366,0.21853626387456734,0.31853626387456735,-0.31853626387456735,0.361721718068736,0.5846502794323781,0.34672966803116406,0.5260371303703378,1.1,0.2
519,during,0.1,1.0,1.078073235625366,0.21853626387456734,0.31853626387456735,-0.31853626387456735,0.5413618772691322,0.45666057816831657,0.49401816489358796,0.42735858603741,1.1,0.2
520,during,0.1,1.0,1.078073235625366,0.21853626387456734,0.31853626387456735,-0.31853626387456735,0.6687169688156103,0.30336115309025846,0.5841352733891649,0.2943855074932238,1.1,0.2
521,during,0.1,1.0,1.078073235625366,0.21853626387456734,0.31853626387456735,-0.31853626387456735,0.7235130639212747,0.13130086900170157,0.6190806603718683,0.13055149747225167,1.1,0.2
522,during,0.1,1.0,1.078073235625366,0.21853626387456734,0.31853626387456735,-0.31853626387456735,0.7089996768882294,-0.05645556529620771,0.6100491731843665,-0.056395662691244144,1.1,0.2
523,during,0.1,1.0,1.078073235625366,0.21853626387456734,0.31853626387456735,-0.31853626387456735,0.63971362233305,-0.2551214389587033,0.5647045300431105,-0.24972681799174695,1.1,0.2
524,during,0.1,1.0,1.078073235625366,0.21853626387456734,0.31853626387456735,-0.31853626387456735,0.5292457922835027,-0.44910266988776526,0.484804359287964,-0.4211611196419376,1.1,0.2
525,during,0.1,1.0,1.078073235625366,0.21853626387456734,0.31853626387456735,-0.31853626387456735,0.38849951472288535,-0.608470300289677,0.3700659519256374,-0.5430494077369831,1.1,0.2
526,during,0.1,1.0,1.078073235625366,0.21853626387456734,0.31853626387456735,-0.31853626387456735,0.2259772687474179,-0.7033264578170257,0.22220768426471124,-0.6064749675119729,1.1,0.2
527,during,0.1,1.0,1.078073235625366,0.21853626387456734,0.31853626387456735,-0.31853626387456735,0.04637188687136351,-0.724605636101322,0.04633867681150708,-0.6197540366610232,1.1,0.2
528,during,0.1,1.0,1.078073235625366,0.21853626387456734,0.31853626387456735,-0.31853626387456735,-0.14745764811440443,-0.6829007885794595,-0.14639810143378765,-0.5934019764753126,1.1,0.2
529,during,0.1,1.0,1.078073235625366,0.21853626387456734,0.31853626387456735,-0.31853626387456735,-0.346847923464364,-0.5930976845361788,-0.3335771627498421,-0.5321198371464391,1.1,0.2
530,during,0.1,1.0,1.078073235625366,0.21853626387456734,0.31853626387456735,-0.31853626387456735,-0.5291200760346215,-0.4674077314366911,-0.48470818493007034,-0.43610243293747075,1.1,0.2
531,during,0.1,1.0,1.078073235625366,0.21853626387456734,0.31853626387456735,-0.31853626387456735,-0.6614653609161701,-0.3157532266439458,-0.5793377780420761,-0.3056619347750016,1.1,0.2
532,during,0.1,1.0,1.078073235625366,0.21853626387456734,0.31853626387456735,-0.31853626387456735,-0.7219329636057318,-0.14498585969147923,-0.6181051972730429,-0.14397841870826505,1.1,0.2
533,during,0.1,1.0,1.078073235625366,0.21853626387456734,0.31853626387456735,-0.31853626387456735,-0.7122250175549033,0.04166964050376448,-0.612070187499836,0.041645539425274214,1.1,0.2
534,during,0.1,1.0,1.078073235625366,0.21853626387456734,0.31853626387456735,-0.31853626387456735,-0.6465908729322047,0.23986349219277278,-0.5693704915458431,0.23536680807082327,1.1,0.2
535,during,0.1,1.0,1.078073235625366,0.21853626387456734,0.31853626387456735,-0.31853626387456735,-0.5388502244074697,0.43510780547316574,-0.4921171360237195,0.409581120340998,1.1,0.2
536,during,0.1,1.0,1.078073235625366,0.21853626387456734,0.31853626387456735,-0.31853626387456735,-0.4000718733127986,0.59831559755473,-0.38001045816989143,0.5358498995810359,1.1,0.2
537,during,0.1,1.0,1.078073235625366,0.21853626387456734,0.31853626387456735,-0.31853626387456735,-0.2389914792005874,0.6987325466295545,-0.23454293356273992,0.603562657987935,1.1,0.2
538,during,0.1,1.0,1.078073235625366,0.21853626387456734,0.31853626387456735,-0.31853626387456735,-0.06059786518936816,0.7253951773749552,-0.06052380014472082,0.6202400810941495,1.1,0.2
539,during,0.1,1.0,1.078073235625366,0.21853626387456734,0.31853626387456735,-0.31853626387456735,0.1323198690826269,0.6879432562632996,0.13155299645009147,0.5966590870936137,1.1,0.2
540,during,0.1,1.0,1.078073235625366,0.21853626387456734,0.31853626387456735,-0.31853626387456735,0.3318813209487722,0.6013377925975728,0.3202102131510096,0.5380008264511794,1.1,0.2
541,during,0.1,1.0,1.078073235625366,0.21853626387456734,0.31853626387456735,-0.31853626387456735,0.5165828337911853,0.4780057267897425,0.475058332123486,0.44464504286649853,1.1,0.2
542,during,0.1,1.0,1.078073235625366,0.21853626387456734,0.31853626387456735,-0.31853626387456735,0.6537832439281976,0.328036613830767,0.574211312651859,0.316755485321745,1.1,0.2
543,during,0.1,1.0,1.078073235625366,0.21853626387456734,0.31853626387456735,-0.31853626387456735,0.7199399566194422,0.15857848475626252,0.616872109253776,0.15726245601573213,1.1,0.2
544,during,0.1,1.0,1.078073235625366,0.21853626387456734,0.31853626387456735,-0.31853626387456735,0.7151271059772523,-0.026955692170849588,0.613881843686951,-0.0269491653152632,1.1,0.2
545,during,0.1,1.0,1.078073235625366,0.21853626387456734,0.31853626387456735,-0.31853626387456735,0.6532252990811943,-0.2245968027973012,0.5738372128016719,-0.2208949787145465,1.1,0.2
546,during,0.1,1.0,1.078073235625366,0.21853626387456734,0.31853626387456735,-0.31853626387456735,0.5482754794989563,-0.42092892627422707,0.49922660309102934,-0.3977127137774955,1.1,0.2
547,during,0.1,1.0,1.078073235625366,0.21853626387456734,0.31853626387456735,-0.31853626387456735,0.41151691736250773,-0.5877852091668576,0.38975991849484193,-0.5283008373562935,1.1,0.2
548,during,0.1,1.0,1.078073235625366,0.21853626387456734,0.31853626387456735,-0.31853626387456735,0.25190676151553393,-0.6936996613576923,0.24671020771593463,-0.6003534705031949,1.1,0.2
549,during,0.1,1.0,1.078073235625366,0.21853626387456734,0.31853626387456735,-0.31853626387456735,0.07473732039590583,-0.7258111562898493,0.07459847800238201,-0.6204959678177542,1.1,0.2
550,during,0.1,1.0,1.078073235625366,0.21853626387456734,0.31853626387456735,-0.31853626387456735,-0.11722784478514554,-0.6927024161913871,-0.11669378425056774,-0.5997152748415339,1.1,0.2
551,during,0.1,1.0,1.078073235625366,0.21853626387456734,0.31853626387456735,-0.31853626387456735,-0.3168355086009095,-0.6093657847498074,-0.3066427751175611,-0.5436805043823765,1.1,0.2
552,during,0.1,1.0,1.078073235625366,0.21853626387456734,0.31853626387456735,-0.31853626387456735,-0.5037653253595331,-0.48845055657586256,-0.465073231250666,-0.45298579379200143,1.1,0.2
553,during,0.1,1.0,1.078073235625366,0.21853626387456734,0.31853626387456735,-0.31853626387456735,-0.6456754055599089,-0.34020917089500796,-0.568751480429421,-0.32766412112162635,1.1,0.2
554,during,0.1,1.0,1.078073235625366,0.21853626387456734,0.31853626387456735,-0.31853626387456735,-0.7175286537210895,-0.17207794760681663,-0.6153761600654319,-0.17039937004977468,1.1,0.2
555,during,0.1,1.0,1.078073235625366,0.21853626387456734,0.31853626387456735,-0.31853626387456735,-0.7176989467106883,0.012316622686635748,-0.6154819540866874,0.01231599991717872,1.1,0.2
556,during,0.1,1.0,1.078073235625366,0.21853626387456734,0.31853626387456735,-0.31853626387456735,-0.6596115291117604,0.20933087201766598,-0.5781048292296281,0.20632594531966508,1.1,0.2
557,during,0.1,1.0,1.078073235625366,0.21853626387456734,0.31853626387456735,-0.31853626387456735,-0.5575170480157204,0.40658183189488417,-0.5061328617695489,0.3855665036659615,1.1,0.2
558,during,0.1,1.0,1.078073235625366,0.21853626387456734,0.31853626387456735,-0.31853626387456735,-0.42283137839128854,0.5768905989681377,-0.39931303198633616,0.5204017806553922,1.1,0.2
559,during,0.1,1.0,1.078073235625366,0.21853626387456734,0.31853626387456735,-0.31853626387456735,-0.2647218534972439,0.6882269128217138,-0.25870671222537206,0.5968417304145399,1.1,0.2
560,during,0.1,1.0,1.078073235625366,0.21853626387456734,0.31853626387456735,-0.31853626387456735,-0.088789047396128,0.7258465650157883,-0.08855645814652116,0.6205177431659278,1.1,0.2
561,during,0.1,1.0,1.078073235625366,0.21853626387456734,0.31853626387456735,-0.31853626387456735,0.10218705620641062,0.6971720144577989,0.10183284990537171,0.6025696743116443,1.1,0.2
562,during,0.1,1.0,1.078073235625366,0.21853626387456734,0.31853626387456735,-0.31853626387456735,0.30172356276978235,0.6171767829263206,0.2928891153320407,0.5491592833115576,1.1,0.2
563,during,0.1,1.0,1.078073235625366,0.21853626387456734,0.31853626387456735,-0.31853626387456735,0.49068306262356276,0.49873812090600245,0.4547584026670833,0.4611241767916738,1.1,0.2
564,during,0.1,1.0,1.078073235625366,0.21853626387456734,0.31853626387456735,-0.31853626387456735,0.6371476350485807,0.35226859074774425,0.5629542812267243,0.33838590987276274,1.1,0.2
565,during,0.1,1.0,1.078073235625366,0.21853626387456734,0.31853626387456735,-0.31853626387456735,0.7146941269499127,0.18548343927240954,0.6136119614862684,0.18338517940077492,1.1,0.2
566,during,0.1,1.0,1.078073235625366,0.21853626387456734,0.31853626387456735,-0.31853626387456735,0.7199334626342189,0.0022449920417507707,0.6168680864164218,0.0022449882701797755,1.1,0.2
567,during,0.1,1.0,1.078073235625366,0.21853626387456734,0.31853626387456735,-0.31853626387456735,0.665744084053005,-0.19407459378216704,0.5821733773965417,-0.19167414919685002,1.1,0.2
568,during,0.1,1.0,1.078073235625366,0.21853626387456734,0.31853626387456735,-0.31853626387456735,0.566570369298336,-0.3920821027735201,0.512836090887727,-0.37315380174730683,1.1,0.2
569,during,0.1,1.0,1.078073235625366,0.21853626387456734,0.31853626387456735,-0.31853626387456735,0.4340118459896179,-0.56564401880704,0.4086686061493637,-0.5121530470732165,1.1,0.2
570,during,0.1,1.0,1.078073235625366,0.21853626387456734,0.31853626387456735,-0.31853626387456735,0.277435368383275,-0.6823142635592583,0.27052979822984513,-0.5930218498514346,1.1,0.2
571,during,0.1,1.0,1.078073235625366,0.21853626387456734,0.31853626387456735,-0.31853626387456735,0.10275197046306589,-0.7254945356607514,0.10239187382277379,-0.6203012127026447,1.1,0.2
572,during,0.1,1.0,1.078073235625366,0.21853626387456734,0.31853626387456735,-0.31853626387456735,-0.08720249205730181,-0.701345660379301,-0.08698212509299057,-0.6052212264314909,1.1,0.2
573,during,0.1,1.0,1.078073235625366,0.21853626387456734,0.31853626387456735,-0.31853626387456735,-0.28655800932564135,-0.6247658446971581,-0.27896373770861044,-0.5544375676792541,1.1,0.2
574,during,0.1,1.0,1.078073235625366,0.21853626387456734,0.31853626387456735,-0.31853626387456735,-0.47735181069391974,-0.5088642357740458,-0.44412025949659684,-0.4690597943200866,1.1,0.2
575,during,0.1,1.0,1.078073235625366,0.21853626387456734,0.31853626387456735,-0.31853626387456735,-0.6282067195787667,-0.3642124019933751,-0.5568161669640359,-0.3489190230501721,1.1,0.2
576,during,0.1,1.0,1.078073235625366,0.21853626387456734,0.31853626387456735,-0.31853626387456735,-0.7114319687645981,-0.19879411866125937,-0.6115739977627473,-0.19621614109025617,1.1,0.2
577,during,0.1,1.0,1.078073235625366,0.21853626387456734,0.31853626387456735,-0.31853626387456735,-0.7218235150872006,-0.016726873776917256,-0.6180375594271525,-0.01672531395692326,1.1,0.2
578,during,0.1,1.0,1.078073235625366,0.21853626387456734,0.31853626387456735,-0.31853626387456735,-0.6716173704496022,0.1788362617796907,-0.586042780230657,0.1769538022255252,1.1,0.2
579,during,0.1,1.0,1.078073235625366,0.21853626387456734,0.31853626387456735,-0.31853626387456735,-0.5754308332588317,0.37744503580682065,-0.5193365373242971,0.3604865727798632,1.1,0.2
580,during,0.1,1.0,1.078073235625366,0.21853626387456734,0.31853626387456735,-0.31853626387456735,-0.4450547751014336,0.5540584462091225,-0.4178255587299287,0.5035557506379958,1.1,0.2
581,during,0.1,1.0,1.078073235625366,0.21853626387456734,0.31853626387456735,-0.31853626387456735,-0.29004578456617014,0.6759625698371992,-0.28217695223756856,0.5888883735252336,1.1,0.2
582,during,0.1,1.0,1.078073235625366,0.21853626387456734,0.31853626387456735,-0.31853626387456735,-0.11662511757576127,0.7247483863857751,-0.11609922289617189,0.6198419494873032,1.1,0.2
583,during,0.1,1.0,1.078073235625366,0.21853626387456734,0.31853626387456735,-0.31853626387456735,0.07227867390114726,0.7052168287601989,0.07215307012248436,0.6076686675984164,1.1,0.2
584,during,0.1,1.0,1.078073235625366,0.21853626387456734,0.31853626387456735,-0.31853626387456735,0.2713508008176866,0.6321279572820838,0.2648813100612348,0.5595157393831134,1.1,0.2
585,during,0.1,1.0,1.078073235625366,0.21853626387456734,0.31853626387456735,-0.31853626387456735,0.46378750419651427,0.5188246406629655,0.43316609678696133,0.47679235745844484,1.1,0.2
586,during,0.1,1.0,1.078073235625366,0.21853626387456734,0.31853626387456735,-0.31853626387456735,0.6188604317150901,0.37603796941902384,0.5503340968380019,0.35926173500564895,1.1,0.2
587,during,0.1,1.0,1.078073235625366,0.21853626387456734,0.31853626387456735,-0.31853626387456735,0.7077383512749025,0.21200909400436127,0.6092566531026967,0.2088887320472529,1.1,0.2
588,during,0.1,1.0,1.078073235625366,0.21853626387456734,0.31853626387456735,-0.31853626387456735,0.7233619276085329,0.03112701322380565,0.6189874399714268,0.031116964224513932,1.1,0.2
589,during,0.1,1.0,1.078073235625366,0.21853626387456734,0.31853626387456735,-0.31853626387456735,0.6772256737486533,-0.16362358020942086,0.58971283254847,-0.16217883640274403,1.1,0.2
590,during,0.1,1.0,1.078073235625366,0.21853626387456734,0.31853626387456735,-0.31853626387456735,0.584093780848074,-0.3626855853495411,0.5256345055041816,-0.34757737421053425,1.1,0.2
591,during,0.1,1.0,1.078073235625366,0.21853626387456734,0.31853626387456735,-0.31853626387456735,0.4559564939168762,-0.542147515992177,0.42678291934651025,-0.49461183484795795,1.1,0.2
592,during,0.1,1.0,1.078073235625366,0.21853626387456734,0.31853626387456735,-0.31853626387456735,0.30255143682891883,-0.6691736177872554,0.2936457873676923,-0.5844360270851728,1.1,0.2
593,during,0.1,1.0,1.078073235625366,0.21853626387456734,0.31853626387456735,-0.31853626387456735,0.13040759557383988,-0.7236016707463566,0.12967334654810328,-0.6191353046709653,1.1,0.2
594,during,0.1,1.0,1.078073235625366,0.21853626387456734,0.31853626387456735,-0.31853626387456735,-0.0574196824952482,-0.7087788645300691,-0.057356660994530545,-0.6099105196767678,1.1,0.2
595,during,0.1,1.0,1.078073235625366,0.21853626387456734,0.31853626387456735,-0.31853626387456735,-0.25611329933867416,-0.6392580308883636,-0.250656591898709,-0.5643941428705319,1.1,0.2
596,during,0.1,1.0,1.078073235625366,0.21853626387456734,0.31853626387456735,-0.31853626387456735,-0.45000616468173615,-0.5286150054734925,-0.42190407261279406,-0.48432168208150117,1.1,0.2
597,during,0.1,1.0,1.078073235625366,0.21853626387456734,0.31853626387456735,-0.31853626387456735,-0.6091175078088816,-0.38774249588158016,-0.5435055916410199,-0.3694124229535955,1.1,0.2
598,during,0.1,1.0,1.078073235625366,0.21853626387456734,0.31853626387456735,-0.31853626387456735,-0.7036100847974028,-0.22512740553752214,-0.6066542422753782,-0.22139963171427846,1.1,0.2
599,during,0.1,1.0,1.078073235625366,0.21853626387456734,0.31853626387456735,-0.31853626387456735,-0.724541513385143,-0.045443641530420964,-0.6197145415942522,-0.04541238508953856,1.1,0.2
600,during,0.1,1.0,1.078073235625366,0.21853626387456734,0.31853626387456735,-0.31853626387456735,-0.6825631525006606,0.14844367781722928,-0.5931831869795341,0.14736285857143253,1.1,0.2
601,during,0.1,1.0,1.078073235625366,0.21853626387456734,0.31853626387456735,-0.31853626387456735,-0.5925545033023724,0.34781830992477714,-0.5317303459659547,0.334439291354993,1.1,0.2
602,during,0.1,1.0,1.078073235625366,0.21853626387456734,0.31853626387456735,-0.31853626387456735,-0.4667132121946347,0.5299254467440582,-0.43553983075670333,0.4853240996468736,1.1,0.2
603,during,0.1,1.0,1.078073235625366,0.21853626387456734,0.31853626387456735,-0.31853626387456735,-0.3149505091178001,0.6619501528910743,-0.3049340360788738,0.5796597677315926,1.1,0.2
604,during,0.1,1.0,1.078073235625366,0.21853626387456734,0.31853626387456735,-0.31853626387456735,-0.1440985661962326,0.7220482299410032,-0.14310940782740048,0.6181764205650947,1.1,0.2
605,during,0.1,1.0,1.078073235625366,0.21853626387456734,0.31853626387456735,-0.31853626387456735,0.04262918507724281,0.7120249900005605,0.04260338124165756,0.6119450809358185,1.1,0.2
606,during,0.1,1.0,1.078073235625366,0.21853626387456734,0.31853626387456735,-0.31853626387456735,0.24085626484149014,0.6461508915403628,0.23630436417989029,0.569073070045892,1.1,0.2
607,during,0.1,1.0,1.078073235625366,0.21853626387456734,0.31853626387456735,-0.31853626387456735,0.43602382008785756,0.538230936628518,0.4103431812472438,0.49164768389922836,1.1,0.2
608,during,0.1,1.0,1.078073235625366,0.21853626387456734,0.31853626387456735,-0.31853626387456735,0.5989876174958666,0.39932302550805676,0.5363287864790393,0.3793695676818287,1.1,0.2
609,during,0.1,1.0,1.078073235625366,0.21853626387456734,0.31853626387456735,-0.31853626387456735,0.6990446749155634,0.23814800947513162,0.6037610443414398,0.23374570590750313,1.1,0.2
610,during,0.1,1.0,1.078073235625366,0.21853626387456734,0.31853626387456735,-0.31853626387456735,0.7253551064742255,0.05967520214370786,0.6202154247663147,0.05960446585652334,1.1,0.2
611,during,0.1,1.0,1.078073235625366,0.21853626387456734,0.31853626387456735,-0.31853626387456735,0.6876238336267578,-0.13330312483877593,0.5964533403701419,-0.13251911051601464,1.1,0.2
612,during,0.1,1.0,1.078073235625366,0.21853626387456734,0.31853626387456735,-0.31853626387456735,0.6008082401966444,-0.332857324873206,0.5376244430899986,-0.32108586897875135,1.1,0.2
613,during,0.1,1.0,1.078073235625366,0.21853626387456734,0.31853626387456735,-0.31853626387456735,0.47732102982590985,-0.5174069631530379,0.44409554959554376,-0.4756962217414374,1.1,0.2
614,during,0.1,1.0,1.078073235625366,0.21853626387456734,0.31853626387456735,-0.31853626387456735,0.32724102886652784,-0.6542959021190401,0.3160395443388276,-0.5745548367308523,1.1,0.2
615,during,0.1,1.0,1.078073235625366,0.21853626387456734,0.31853626387456735,-0.31853626387456735,0.1576972230676184,-0.7200822475689446,0.15640287032605776,-0.6169602463207785,1.1,0.2
616,during,0.1,1.0,1.078073235625366,0.21853626387456734,0.31853626387456735,-0.31853626387456735,-0.027910463348645942,-0.7149483149761854,-0.02790321824536412,-0.6137704180102572,1.1,0.2
617,during,0.1,1.0,1.078073235625366,0.21853626387456734,0.31853626387456735,-0.31853626387456735,-0.22558984860785924,-0.6528012735854964,-0.22183936179111607,-0.5735527450995821,1.1,0.2
618,during,0.1,1.0,1.078073235625366,0.21853626387456734,0.31853626387456735,-0.31853626387456735,-0.42185642711423765,-0.5476679822260566,-0.3984932186630558,-0.4987703723542257,1.1,0.2
619,during,0.1,1.0,1.078073235625366,0.21853626387456734,0.31853626387456735,-0.31853626387456735,-0.5884813245598889,-0.41077644810570785,-0.528802481142981,-0.38913175481524037,1.1,0.2
620,during,0.1,1.0,1.078073235625366,0.21853626387456734,0.31853626387456735,-0.31853626387456735,-0.6940403771863359,-0.25106976332735625,-0.6005713394978446,-0.24592399203124266,1.1,0.2
621,during,0.1,1.0,1.078073235625366,0.21853626387456734,0.31853626387456735,-0.31853626387456735,-0.7257955968150523,-0.07382032313324066,-0.6204863988855917,-0.0736865216397539,1.1,0.2
622,during,0.1,1.0,1.078073235625366,0.21853626387456734,0.31853626387456735,-0.31853626387456735,-0.6924016090091609,0.11820795247985286,-0.5995226207437172,0.1176604345205422,1.1,0.2
623,during,0.1,1.0,1.078073235625366,0.21853626387456734,0.31853626387456735,-0.31853626387456735,-0.6088501763577466,0.3178162610686403,-0.5433172020858237,0.30753104021297717,1.1,0.2
624,during,0.1,1.0,1.078073235625366,0.21853626387456734,0.31853626387456735,-0.31853626387456735,-0.48777594544868375,0.5046072152288403,-0.4524494464363287,0.46573276775047034,1.1,0.2
625,during,0.1,1.0,1.078073235625366,0.21853626387456734,0.31853626387456735,-0.31853626387456735,-0.3394208628733222,0.646215588125451,-0.32696026716615534,0.5691168134092247,1.1,0.2
626,during,0.1,1.0,1.078073235625366,0.21853626387456734,0.31853626387456735,-0.31853626387456735,-0.17120276969317746,0.7176983064194181,-0.1695494772268462,0.6154815563491417,1.1,0.2
627,during,0.1,1.0,1.078073235625366,0.21853626387456734,0.31853626387456735,-0.31853626387456735,0.013266441930624207,0.7175418499387808,0.013265663694199972,0.615384358969654,1.1,0.2
628,during,0.1,1.0,1.078073235625366,0.21853626387456734,0.31853626387456735,-0.31853626387456735,0.2103235915345633,0.6592038120766897,0.2072762094250396,0.5778333093621356,1.1,0.2
629,during,0.1,1.0,1.078073235625366,0.21853626387456734,0.31853626387456735,-0.31853626387456735,0.40751979726950516,0.5569216361358161,0.38636474075911453,0.505689843378433,1.1,0.2
630,during,0.1,1.0,1.078073235625366,0.21853626387456734,0.31853626387456735,-0.31853626387456735,0.5776100395908155,0.4220995046595977,0.5209261873705453,0.3986976764522642,1.1,0.2
631,during,0.1,1.0,1.078073235625366,0.21853626387456734,0.31853626387456735,-0.31853626387456735,0.6885962486131247,0.26389141260977145,0.5970794489791339,0.2579316857223555,1.1,0.2
632,during,0.1,1.0,1.078073235625366,0.21853626387456734,0.31853626387456735,-0.31853626387456735,0.7258559689912137,0.08787779008290608,0.6205235261795664,0.08765227442228336,1.1,0.2
633,during,0.1,1.0,1.078073235625366,0.21853626387456734,0.31853626387456735,-0.31853626387456735,0.696890233664649,-0.10316367457915783,0.6023901748936145,-0.10279924439767453,1.1,0.2
634,during,0.1,1.0,1.078073235625366,0.21853626387456734,0.31853626387456735,-0.31853626387456735,0.6166754377169252,-0.30270822973300293,0.5488090353437878,-0.2937890537596223,1.1,0.2
635,during,0.1,1.0,1.078073235625366,0.21853626387456734,0.31853626387456735,-0.31853626387456735,0.4980738649216786,-0.49154169547696613,0.4606010050420597,-0.4554391997788958,1.1,0.2
636,during,0.1,1.0,1.078073235625366,0.21853626387456734,0.31853626387456735,-0.31853626387456735,0.3514877147183967,-0.6377149350192302,0.3376942654541232,-0.5633416701364095,1.1,0.2
637,during,0.1,1.0,1.078073235625366,0.21853626387456734,0.31853626387456735,-0.31853626387456735,0.184614398520147,-0.7148914467361792,0.18254523094633626,-0.6137349716023988,1.1,0.2
638,during,0.1,1.0,1.078073235625366,0.21853626387456734,0.31853626387456735,-0.31853626387456735,0.0013002829109046432,-0.7197985225056062,0.001300282178093582,-0.61678448758876,1.1,0.2
639,during,0.1,1.0,1.078073235625366,0.21853626387456734,0.31853626387456735,-0.31853626387456735,-0.19506642687734974,-0.6653530352453405,-0.19262936144886503,-0.581914806282368,1.1,0.2
640,during,0.1,1.0,1.078073235625366,0.21853626387456734,0.31853626387456735,-0.31853626387456735,-0.3930295272601042,-0.5659873409586755,-0.3739690148359771,-0.5124062710339737,1.1,0.2
641,during,0.1,1.0,1.078073235625366,0.21853626387456734,0.31853626387456735,-0.31853626387456735,-0.5663859650089133,-0.4332887937776195,-0.5127001722321196,-0.40806613298968836,1.1,0.2
642,during,0.1,1.0,1.078073235625366,0.21853626387456734,0.31853626387456735,-0.31853626387456735,-0.6827121950002413,-0.27661157899065764,-0.5932797779069696,-0.26976612897568486,1.1,0.2
643,during,0.1,1.0,1.078073235625366,0.21853626387456734,0.31853626387456735,-0.31853626387456735,-0.7255293446430845,-0.10184651964012717,-0.6203226276453241,-0.10149583300523114,1.1,0.2
644,during,0.1,1.0,1.078073235625366,0.21853626387456734,0.31853626387456735,-0.31853626387456735,-0.701083325761547,0.0881753111165546,-0.605054956682901,0.08794750191750125,1.1,0.2
645,during,0.1,1.0,1.078073235625366,0.21853626387456734,0.31853626387456735,-0.31853626387456735,-0.6242790862043984,0.2875457932979281,-0.5541003482607386,0.2798744003399345,1.1,0.2
646,during,0.1,1.0,1.078073235625366,0.21853626387456734,0.31853626387456735,-0.31853626387456735,-0.508210609472179,0.47822615508975447,-0.46854982069543105,0.4448218731261262,1.1,0.2
647,during,0.1,1.0,1.078073235625366,0.21853626387456734,0.31853626387456735,-0.31853626387456735,-0.3634391236935253,0.62880066536144,-0.3482397039657202,0.5572258277450485,1.1,0.2
648,during,0.1,1.0,1.078073235625366,0.21853626387456734,0.31853626387456735,-0.31853626387456735,-0.19793127112322256,0.7116572253251531,-0.19538637357275154,0.6117149838192278,1.1,0.2
649,during,0.1,1.0,1.078073235625366,0.21853626387456734,0.31853626387456735,-0.31853626387456735,-0.015787414452814508,0.7217111973363781,-0.01578610295225434,0.6179681389166882,1.1,0.2
650,during,0.1,1.0,1.078073235625366,0.21853626387456734,0.31853626387456735,-0.31853626387456735,0.17982668707638952,0.67124335729085,0.17791304625311316,0.5857971666236531,1.1,0.2
651,during,0.1,1.0,1.078073235625366,0.21853626387456734,0.31853626387456735,-0.31853626387456735,0.37840093427866495,0.5748604897941236,0.361317964959774,0.5189198980823858,1.1,0.2
652,during,0.1,1.0,1.078073235625366,0.21853626387456734,0.31853626387456735,-0.31853626387456735,0.5548220331590905,0.4443407789270145,0.5041254968883148,0.4172360349506766,1.1,0.2
653,during,0.1,1.0,1.078073235625366,0.21853626387456734,0.31853626387456735,-0.31853626387456735,0.6763890133186578,0.2892287499160606,0.589166860925198,0.2814247997773418,1.1,0.2
654,during,0.1,1.0,1.078073235625366,0.21853626387456734,0.31853626387456735,-0.31853626387456735,0.7248090283635908,0.11572553380336026,0.619879291168445,0.11521167218278168,1.1,0.2
655,during,0.1,1.0,1.078073235625366,0.21853626387456734,0.31853626387456735,-0.31853626387456735,0.7049743687389685,-0.07324741325011115,0.6075157161257376,-0.07311669849424536,1.1,0.2
656,during,0.1,1.0,1.078073235625366,0.21853626387456734,0.31853626387456735,-0.31853626387456735,0.6316561138117351,-0.27234094218371013,0.5591915246512058,-0.265801739319666,1.1,0.2
657,during,0.1,1.0,1.078073235625366,0.21853626387456734,0.31853626387456735,-0.31853626387456735,0.5181819233407589,-0.4646765201959205,0.4762955975169865,-0.43388802596618153,1.1,0.2
658,during,0.1,1.0,1.078073235625366,0.21853626387456734,0.31853626387456735,-0.31853626387456735,0.375272465198076,-0.6194804881854297,0.35859485037065425,-0.5507662107728887,1.1,0.2
659,during,0.1,1.0,1.078073235625366,0.21853626387456734,0.31853626387456735,-0.31853626387456735,0.21115249956973675,-0.7079917748027781,0.20806936827376843,-0.6094159828174465,1.1,0.2
660,during,0.1,1.0,1.078073235625366,0.21853626387456734,0.31853626387456735,-0.31853626387456735,0.030192926777310447,-0.7232726996344846,0.030183755368490054,-0.6189323962497495,1.1,0.2
661,during,0.1,1.0,1.078073235625366,0.21853626387456734,0.31853626387456735,-0.31853626387456735,-0.16461211427889588,-0.6768690717231113,-0.16314121547243732,-0.5894801939677672,1.1,0.2
662,during,0.1,1.0,1.078073235625366,0.21853626387456734,0.31853626387456735,-0.31853626387456735,-0.36364899664277334,-0.5835364267873531,-0.3484241119549612,-0.5252310255437304,1.1,0.2
663,during,0.1,1.0,1.078073235625366,0.21853626387456734,0.31853626387456735,-0.31853626387456735,-0.542931838292887,-0.4552517962928113,-0.49520404999840517,-0.4262064046340143,1.1,0.2
664,during,0.1,1.0,1.078073235625366,0.21853626387456734,0.31853626387456735,-0.31853626387456735,-0.6696284282480972,-0.30174126974599935,-0.5847354103982993,-0.2929053032484549,1.1,0.2
665,during,0.1,1.0,1.078073235625366,0.21853626387456734,0.31853626387456735,-0.31853626387456735,-0.7236885568386308,-0.12951393502145464,-0.6191888819633175,-0.12879461145854074,1.1,0.2
666,during,0.1,1.0,1.078073235625366,0.21853626387456734,0.31853626387456735,-0.31853626387456735,-0.7085567157826265,0.0583840895870448,-0.6097709893261467,0.05831784192695844,1.1,0.2
667,during,0.1,1.0,1.078073235625366,0.21853626387456734,0.31853626387456735,-0.31853626387456735,-0.6388014359686784,0.25710507729993415,-0.5640829118558797,0.251585826404775,1.1,0.2
668,during,0.1,1.0,1.078073235625366,0.21853626387456734,0.31853626387456735,-0.31853626387456735,-0.5279834807586737,0.45090880916773624,-0.4838381447040076,0.4226457609722352,1.1,0.2
669,during,0.1,1.0,1.078073235625366,0.21853626387456734,0.31853626387456735,-0.31853626387456735,-0.3869849525375043,0.6097630779886996,-0.3687580751783173,0.54396030186122,1.1,0.2
670,during,0.1,1.0,1.078073235625366,0.21853626387456734,0.31853626387456735,-0.31853626387456735,-0.22427712901951563,0.7038918622201542,-0.22059088182495987,0.6068322868909267,1.1,0.2
671,during,0.1,1.0,1.078073235625366,0.21853626387456734,0.31853626387456735,-0.31853626387456735,-0.0445150362537918,0.7244758423517607,-0.044485656047426145,0.6196740896197535,1.1,0.2
672,during,0.1,1.0,1.078073235625366,0.21853626387456734,0.31853626387456735,-0.31853626387456735,0.14942987417338424,0.6822243455029268,0.1483274983702446,0.5929635506113117,1.1,0.2
673,during,0.1,1.0,1.078073235625366,0.21853626387456734,0.31853626387456735,-0.31853626387456735,0.3487883001257509,0.5920104464547236,0.33530050885007195,0.5313400013218474,1.1,0.2
674,during,0.1,1.0,1.078073235625366,0.21853626387456734,0.31853626387456735,-0.31853626387456735,0.5307295633509976,0.46601806307788707,0.48593857510909527,0.43497637740958534,1.1,0.2
675,during,0.1,1.0,1.078073235625366,0.21853626387456734,0.31853626387456735,-0.31853626387456735,0.6624331221167854,0.31414733242676995,0.5799803668878851,0.30420536427817413,1.1,0.2
676,during,0.1,1.0,1.078073235625366,0.21853626387456734,0.31853626387456735,-0.31853626387456735,0.7221617509177805,0.14321088217289654,0.6182465554768064,0.14223979359764027,1.1,0.2
677,during,0.1,1.0,1.078073235625366,0.21853626387456734,0.31853626387456735,-0.31853626387456735,0.7118235969039999,-0.0435890334164101,0.611819089352301,-0.04356144793768682,1.1,0.2
678,during,0.1,1.0,1.078073235625366,0.21853626387456734,0.31853626387456735,-0.31853626387456735,0.6457098844003628,-0.24184899801613,0.5687748056576094,-0.23724144324515614,1.1,0.2
679,during,0.1,1.0,1.078073235625366,0.21853626387456734,0.31853626387456735,-0.31853626387456735,0.5376108921099654,-0.43693905192389515,0.4911773716461992,-0.411104018997711,1.1,0.2
680,during,0.1,1.0,1.078073235625366,0.21853626387456734,0.31853626387456735,-0.31853626387456735,0.39857364004123086,-0.5996580448033644,0.378727852406567,-0.5368061945992101,1.1,0.2
681,during,0.1,1.0,1.078073235625366,0.21853626387456734,0.31853626387456735,-0.31853626387456735,0.23730412161303738,-0.6993549462461367,0.23294776838508877,-0.6039581763359875,1.1,0.2
682,during,0.1,1.0,1.078073235625366,0.21853626387456734,0.31853626387456735,-0.31853626387456735,0.05875217336805838,-0.7253134571642376,0.058684665975065324,-0.6201897959166442,1.1,0.2
683,during,0.1,1.0,1.078073235625366,0.21853626387456734,0.31853626387456735,-0.31853626387456735,-0.13428657275508576,-0.6873032142321163,-0.13348516158135088,-0.596246743935852,1.1,0.2
684,during,0.1,1.0,1.078073235625366,0.21853626387456734,0.31853626387456735,-0.31853626387456735,-0.3338329902146838,-0.6002777918131965,-0.3219606726648259,-0.5372472079841928,1.1,0.2
685,during,0.1,1.0,1.078073235625366,0.21853626387456734,0.31853626387456735,-0.31853626387456735,-0.5182299025322156,-0.47663568605701645,-0.4763326914214903,-0.44354520249576596,1.1,0.2
686,during,0.1,1.0,1.078073235625366,0.21853626387456734,0.31853626387456735,-0.31853626387456735,-0.6548067575373948,-0.32644497571399983,-0.5748969515560491,-0.31532282160134645,1.1,0.2
687,during,0.1,1.0,1.078073235625366,0.21853626387456734,0.31853626387456735,-0.31853626387456735,-0.7202227702224687,-0.15681556748874156,-0.6170472728936119,-0.1555426632865774,1.1,0.2
688,during,0.1,1.0,1.078073235625366,0.21853626387456734,0.31853626387456735,-0.31853626387456735,-0.7147681288586306,0.028865550654374433,-0.6136580981279319,0.028857536207303882,1.1,0.2
689,during,0.1,1.0,1.078073235625366,0.21853626387456734,0.31853626387456735,-0.31853626387456735,-0.6523761996483883,0.22658289530522832,-0.5732674351123246,0.22278332971340764,1.1,0.2
690,during,0.1,1.0,1.078073235625366,0.21853626387456734,0.31853626387456735,-0.31853626387456735,-0.5470597091497535,0.4227832120891619,-0.4983132818976522,0.39927254506564247,1.1,0.2
691,during,0.1,1.0,1.078073235625366,0.21853626387456734,0.31853626387456735,-0.31853626387456735,-0.41003542739759746,0.5891758956100441,-0.388502760814836,0.5293026440710226,1.1,0.2
692,during,0.1,1.0,1.078073235625366,0.21853626387456734,0.31853626387456735,-0.31853626387456735,-0.2502323416997244,0.6943792320536213,-0.2451370546199478,0.6007879300950026,1.1,0.2
693,during,0.1,1.0,1.078073235625366,0.21853626387456734,0.31853626387456735,-0.31853626387456735,-0.07290295501240229,0.7257784292380396,-0.07277407313235776,0.6204758407711376,1.1,0.2
694,during,0.1,1.0,1.078073235625366,0.21853626387456734,0.31853626387456735,-0.31853626387456735,0.11918827565223118,0.6920995786500255,0.11862707431366801,0.599329113329783,1.1,0.2
695,during,0.1,1.0,1.078073235625366,0.21853626387456734,0.31853626387456735,-0.31853626387456735,0.318796730429433,0.6083336513656744,0.30841851347038735,0.5429530497942062,1.1,0.2
696,during,0.1,1.0,1.078073235625366,0.21853626387456734,0.31853626387456735,-0.31853626387456735,0.5054479806845344,0.48710067019369524,0.46639090742009603,0.451912243068523,1.1,0.2
697,during,0.1,1.0,1.078073235625366,0.21853626387456734,0.31853626387456735,-0.31853626387456735,0.6467539921348562,0.3386320769489328,0.5694807200772364,0.32625562325360924,1.1,0.2
698,during,0.1,1.0,1.078073235625366,0.21853626387456734,0.31853626387456735,-0.31853626387456735,0.7178661698192026,0.1703271944799877,0.6155858193746178,0.16869894614958514,1.1,0.2
699,during,0.1,1.0,1.078073235625366,0.21853626387456734,0.31853626387456735,-0.31853626387456735,0.7173833281243519,-0.014216588275682396,0.6152858594269351,-0.014215630575005014,1.1,0.2
700,during,0.1,1.0,1.078073235625366,0.21853626387456734,0.31853626387456735,-0.31853626387456735,0.6587950234549469,-0.2113163497271587,0.5775609473984824,-0.20822611954353598,1.1,0.2
701,during,0.1,1.0,1.078073235625366,0.21853626387456734,0.31853626387456735,-0.31853626387456735,0.5563254291722367,-0.4084571127821822,0.505245966007214,-0.3871618470537672,1.1,0.2
702,during,0.1,1.0,1.078073235625366,0.21853626387456734,0.31853626387456735,-0.31853626387456735,0.4213670650847773,-0.5783279875135825,0.39808148552192996,-0.5214491143432296,1.1,0.2
703,during,0.1,1.0,1.078073235625366,0.21853626387456734,0.31853626387456735,-0.31853626387456735,0.26306054245558486,-0.6889637230297803,0.25715592625193323,-0.5973158654615979,1.1,0.2
704,during,0.1,1.0,1.078073235625366,0.21853626387456734,0.31853626387456735,-0.31853626387456735,0.08696615733751856,-0.7258637357500451,0.08674757363843762,-0.6205283023291898,1.1,0.2
705,during,0.1,1.0,1.078073235625366,0.21853626387456734,0.31853626387456735,-0.31853626387456735,-0.10414052965732795,-0.6966072026961168,-0.10376567902269547,-0.6022098177377189,1.1,0.2
706,during,0.1,1.0,1.078073235625366,0.21853626387456734,0.31853626387456735,-0.31853626387456735,-0.3036926667416176,-0.6161731550195675,-0.29468826167663587,-0.5484579391010724,1.1,0.2
707,during,0.1,1.0,1.078073235625366,0.21853626387456734,0.31853626387456735,-0.31853626387456735,-0.492399270580146,-0.4974089271289466,-0.45611862694964944,-0.4600769755691318,1.1,0.2
708,during,0.1,1.0,1.078073235625366,0.21853626387456734,0.31853626387456735,-0.31853626387456735,-0.6382804848771096,-0.35070635037640746,-0.5637276175735467,-0.3370018233149412,1.1,0.2
709,during,0.1,1.0,1.078073235625366,0.21853626387456734,0.31853626387456735,-0.31853626387456735,-0.7150869584065509,-0.1837449569279981,-0.6138568251485341,-0.1817046283466049,1.1,0.2
710,during,0.1,1.0,1.078073235625366,0.21853626387456734,0.31853626387456735,-0.31853626387456735,-0.719662127140839,-0.0003552369730112914,-0.6166999730626556,-0.0003552369580684494,1.1,0.2
711,during,0.1,1.0,1.078073235625366,0.21853626387456734,0.31853626387456735,-0.31853626387456735,-0.6649608912231464,0.19605833389412608,-0.5816553927842271,0.193584279923714,1.1,0.2
712,during,0.1,1.0,1.078073235625366,0.21853626387456734,0.31853626387456735,-0.31853626387456735,-0.5654034980460865,0.3939763667035466,-0.5119755932307658,0.37478314759089515,1.1,0.2
713,during,0.1,1.0,1.078073235625366,0.21853626387456734,0.31853626387456735,-0.31853626387456735,-0.4325651607587536,0.5671264732438688,-0.40746281982423366,0.513245822125935,1.1,0.2
714,during,0.1,1.0,1.078073235625366,0.21853626387456734,0.31853626387456735,-0.31853626387456735,-0.275787353935721,0.6831082684251152,-0.26900171608808326,0.5935363807427644,1.1,0.2
715,during,0.1,1.0,1.078073235625366,0.21853626387456734,0.31853626387456735,-0.31853626387456735,-0.10094068925642313,0.7255624880672663,-0.10059925176170025,0.6203430170552934,1.1,0.2
716,during,0.1,1.0,1.078073235625366,0.21853626387456734,0.31853626387456735,-0.31853626387456735,0.08914838612524319,0.7008197133991506,0.08891296749272352,0.6048878239120328,1.1,0.2
717,during,0.1,1.0,1.078073235625366,0.21853626387456734,0.31853626387456735,-0.31853626387456735,0.2885333980460895,0.6237913690400988,0.28078439450118464,0.5537622821962018,1.1,0.2
718,during,0.1,1.0,1.078073235625366,0.21853626387456734,0.31853626387456735,-0.31853626387456735,0.4790995091384333,0.5075562833558562,0.44552214744146945,0.46803898809708944,1.1,0.2
719,during,0.1,1.0,1.078073235625366,0.21853626387456734,0.31853626387456735,-0.31853626387456735,0.6293928936510663,0.3626653459772715,0.557634034023929,0.34755957983228075,1.1,0.2
720,during,0.1,1.0,1.078073235625366,0.21853626387456734,0.31853626387456735,-0.31853626387456735,0.7118806573885916,0.1970680189950939,0.611854789561694,0.19455593695385545,1.1,0.2
721,during,0.1,1.0,1.078073235625366,0.21853626387456734,0.31853626387456735,-0.31853626387456735,0.7215973939875499,0.01484760976122601,0.6178977903694759,0.014846518798069294,1.1,0.2
722,during,0.1,1.0,1.078073235625366,0.21853626387456734,0.31853626387456735,-0.31853626387456735,0.6708682247788655,-0.18081721904223608,0.5855507098067079,-0.17887205554063995,1.1,0.2
723,during,0.1,1.0,1.078073235625366,0.21853626387456734,0.31853626387456735,-0.31853626387456735,0.5742893120605678,-0.3793563110905876,0.5185024021684543,-0.36214832979681,1.1,0.2
724,during,0.1,1.0,1.078073235625366,0.21853626387456734,0.31853626387456735,-0.31853626387456735,0.44362618644337987,-0.5555842396770969,0.41664566702910943,-0.5046937758536995,1.1,0.2
725,during,0.1,1.0,1.078073235625366,0.21853626387456734,0.31853626387456735,-0.31853626387456735,0.2884112726021751,-0.6768136060695604,0.2806718935549472,-0.5894440007188403,1.1,0.2
726,during,0.1,1.0,1.078073235625366,0.21853626387456734,0.31853626387456735,-0.31853626387456735,0.11482556668162305,-0.7248679774225139,0.11432355913534051,-0.6199155877053277,1.1,0.2
727,during,0.1,1.0,1.078073235625366,0.21853626387456734,0.31853626387456735,-0.31853626387456735,-0.07421642592001737,-0.7047306028518976,-0.07408046218713674,-0.6073618954411139,1.1,0.2
728,during,0.1,1.0,1.078073235625366,0.21853626387456734,0.31853626387456735,-0.31853626387456735,-0.2733309525602971,-0.6311832901625651,-0.26672156255540286,-0.5588664647479697,1.1,0.2
729,during,0.1,1.0,1.078073235625366,0.21853626387456734,0.31853626387456735,-0.31853626387456735,-0.4655646136407625,-0.5175384879021685,-0.4346086501180665,-0.47579797779638333,1.1,0.2
730,during,0.1,1.0,1.078073235625366,0.21853626387456734,0.31853626387456735,-0.31853626387456735,-0.6200988638698908,-0.374506449770775,-0.5511968595376084,-0.35792715379302215,1.1,0.2
731,during,0.1,1.0,1.078073235625366,0.21853626387456734,0.31853626387456735,-0.31853626387456735,-0.7082433601367368,-0.21029549651131688,-0.6095741081704873,-0.2072493213036993,1.1,0.2
732,during,0.1,1.0,1.078073235625366,0.21853626387456734,0.31853626387456735,-0.31853626387456735,-0.7231819556474242,-0.029258487427741786,-0.6188764110810338,-0.029250141287638597,1.1,0.2
733,during,0.1,1.0,1.078073235625366,0.21853626387456734,0.31853626387456735,-0.31853626387456735,-0.6765113256699118,0.16560078532538974,-0.5892467107532888,0.16410341747352775,1.1,0.2
734,during,0.1,1.0,1.078073235625366,0.21853626387456734,0.31853626387456735,-0.31853626387456735,-0.5829782185523363,0.3646119479965968,-0.5248266903873282,0.34926987760011674,1.1,0.2
735,during,0.1,1.0,1.078073235625366,0.21853626387456734,0.31853626387456735,-0.31853626387456735,-0.45454648635375045,0.5437148401884672,-0.4256290421211867,0.4957948094629213,1.1,0.2
736,during,0.1,1.0,1.078073235625366,0.21853626387456734,0.31853626387456735,-0.31853626387456735,-0.3009306523609909,0.670081399317747,-0.2921640557444821,0.5850334246832087,1.1,0.2
737,during,0.1,1.0,1.078073235625366,0.21853626387456734,0.31853626387456735,-0.31853626387456735,-0.12861988756955123,0.7237737238525038,-0.1279152934943532,0.6192413936115458,1.1,0.2
738,during,0.1,1.0,1.078073235625366,0.21853626387456734,0.31853626387456735,-0.31853626387456735,0.0593487856140765,0.7083332325260701,0.059279202667669235,0.6096305826300239,1.1,0.2
739,during,0.1,1.0,1.078073235625366,0.21853626387456734,0.31853626387456735,-0.31853626387456735,0.2580967699598695,0.6383438390089042,0.2525145174443362,0.5637708369265101,1.1,0.2
740,during,0.1,1.0,1.078073235625366,0.21853626387456734,0.31853626387456735,-0.31853626387456735,0.4518105989396019,0.5273512193557752,0.42338618213974066,0.48335374716616675,1.1,0.2
741,during,0.1,1.0,1.078073235625366,0.21853626387456734,0.31853626387456735,-0.31853626387456735,0.6104070080505437,0.3862268855241644,0.5444135388285806,0.3681029090044359,1.1,0.2
742,during,0.1,1.0,1.078073235625366,0.21853626387456734,0.31853626387456735,-0.31853626387456735,0.7041717906788165,0.22342643949233407,0.6070091029352298,0.2197814354360958,1.1,0.2
743,during,0.1,1.0,1.078073235625366,0.21853626387456734,0.31853626387456735,-0.31853626387456735,0.7244086249682374,0.04358607144413848,0.6196326817164152,0.04355849158567159,1.1,0.2
744,during,0.1,1.0,1.078073235625366,0.21853626387456734,0.31853626387456735,-0.31853626387456735,0.6818843692469498,-0.15041623544580057,0.5927430675299319,-0.14929201723592503,1.1,0.2
745,during,0.1,1.0,1.078073235625366,0.21853626387456734,0.31853626387456735,-0.31853626387456735,0.5914655153098693,-0.34975789024310644,0.5309488031047618,-0.3361608114533119,1.1,0.2
746,during,0.1,1.0,1.078073235625366,0.21853626387456734,0.31853626387456735,-0.31853626387456735,0.465322285173185,-0.5315324217435846,0.4344120730859797,-0.48655161019127285,1.1,0.2
747,during,0.1,1.0,1.078073235625366,0.21853626387456734,0.31853626387456735,-0.31853626387456735,0.31334369713404214,-0.6629142674404508,0.30347591995130074,-0.5802995767805865,1.1,0.2
748,during,0.1,1.0,1.078073235625366,0.21853626387456734,0.31853626387456735,-0.31853626387456735,0.14232280784060267,-0.7222735280890621,0.14136957722980498,-0.6183156034217616,1.1,0.2
749,during,0.1,1.0,1.078073235625366,0.21853626387456734,0.31853626387456735,-0.31853626387456735,-0.04454918466619068,-0.7116208401748584,-0.04451973682923275,-0.6116922133115035,1.1,0.2
750,during,0.1,1.0,1.078073235625366,0.21853626387456734,0.31853626387456735,-0.31853626387456735,-0.24284168900209194,-0.6452678529733114,-0.23817804122218794,-0.5684756983289323,1.1,0.2
751,during,0.1,1.0,1.078073235625366,0.21853626387456734,0.31853626387456735,-0.31853626387456735,-0.4378534966044997,-0.5369900920839831,-0.4118636307961765,-0.49070619925037595,1.1,0.2
752,during,0.1,1.0,1.078073235625366,0.21853626387456734,0.31853626387456735,-0.31853626387456735,-0.6003268764581489,-0.39782371778765013,-0.5372821241833357,-0.3780853127197004,1.1,0.2
753,during,0.1,1.0,1.078073235625366,0.21853626387456734,0.31853626387456735,-0.31853626387456735,-0.6996633610015791,-0.2364598159422047,-0.6041540555429485,-0.2321491217894414,1.1,0.2
754,during,0.1,1.0,1.078073235625366,0.21853626387456734,0.31853626387456735,-0.31853626387456735,-0.7252702313919441,-0.05782877921781154,-0.6201631955927408,-0.057764402286033786,1.1,0.2
755,during,0.1,1.0,1.078073235625366,0.21853626387456734,0.31853626387456735,-0.31853626387456735,-0.6869813997775734,0.13527021124015448,-0.5960392979981236,0.13445114616582468,1.1,0.2
756,during,0.1,1.0,1.078073235625366,0.21853626387456734,0.31853626387456735,-0.31853626387456735,-0.5997464487793936,0.3348083132872718,-0.5368691210203901,0.32283462032988386,1.1,0.2
757,during,0.1,1.0,1.078073235625366,0.21853626387456734,0.31853626387456735,-0.31853626387456735,-0.4759496965965524,0.5190516477103824,-0.4429940017257137,0.476967739792073,1.1,0.2
758,during,0.1,1.0,1.078073235625366,0.21853626387456734,0.31853626387456735,-0.31853626387456735,-0.32564845498100536,0.6553158087551103,-0.3146053176581866,0.5752376582970418,1.1,0.2
759,during,0.1,1.0,1.078073235625366,0.21853626387456734,0.31853626387456735,-0.31853626387456735,-0.1559335182388126,0.7203615260157606,-0.15468183603384714,0.6171331904314016,1.1,0.2
760,during,0.1,1.0,1.078073235625366,0.21853626387456734,0.31853626387456735,-0.31853626387456735,0.029820953327528654,0.7145865495596664,0.02981211665304639,0.6135448846686583,1.1,0.2
761,during,0.1,1.0,1.078073235625366,0.21853626387456734,0.31853626387456735,-0.31853626387456735,0.2275759403426973,0.6519500787592784,0.22372687847533407,0.5729812828125784,1.1,0.2
762,during,0.1,1.0,1.078073235625366,0.21853626387456734,0.31853626387456735,-0.31853626387456735,0.423709276871442,0.5464506615166771,0.40005068998573534,0.49785533168425394,1.1,0.2
763,during,0.1,1.0,1.078073235625366,0.21853626387456734,0.31853626387456735,-0.31853626387456735,0.5898689190718176,0.4092938561536845,0.5298013261804403,0.3878729368396978,1.1,0.2
764,during,0.1,1.0,1.078073235625366,0.21853626387456734,0.31853626387456735,-0.31853626387456735,0.6947162261129305,0.24939449699297775,0.6010032438494337,0.24434939623408602,1.1,0.2
765,during,0.1,1.0,1.078073235625366,0.21853626387456734,0.31853626387456735,-0.31853626387456735,0.7257596554745119,0.07198521634889155,0.6204642945893839,0.07186113415644341,1.1,0.2
766,during,0.1,1.0,1.078073235625366,0.21853626387456734,0.31853626387456735,-0.31853626387456735,0.6917963268499698,-0.12016881285032584,0.5991347528585316,-0.1195937002709634,1.1,0.2
767,during,0.1,1.0,1.078073235625366,0.21853626387456734,0.31853626387456735,-0.31853626387456735,0.6078162111225536,-0.31977691314449663,0.5425880473939662,-0.3093051909330526,1.1,0.2
768,during,0.1,1.0,1.078073235625366,0.21853626387456734,0.31853626387456735,-0.31853626387456735,0.48642473194883823,-0.5062876174247883,0.4513741838161363,-0.4670476486413246,1.1,0.2
769,during,0.1,1.0,1.078073235625366,0.21853626387456734,0.31853626387456735,-0.31853626387456735,0.33784281377481157,-0.6472906158841961,0.32555018990407525,-0.569843201487783,1.1,0.2
770,during,0.1,1.0,1.078073235625366,0.21853626387456734,0.31853626387456735,-0.31853626387456735,0.16945122219209807,-0.7180322452227516,0.16784777788579552,-0.6156889506402973,1.1,0.2
771,during,0.1,1.0,1.078073235625366,0.21853626387456734,0.31853626387456735,-0.31853626387456735,-0.015167061047945879,-0.7172233832229611,-0.01516589814602034,-0.6151864561550942,1.1,0.2
772,during,0.1,1.0,1.078073235625366,0.21853626387456734,0.31853626387456735,-0.31853626387456735,-0.2123091442153239,-0.658385164766289,-0.2091756717234121,-0.5772877433402023,1.1,0.2
773,during,0.1,1.0,1.078073235625366,0.21853626387456734,0.31853626387456735,-0.31853626387456735,-0.4093937741731364,-0.555728428385409,-0.3879578193612873,-0.5048012295984814,1.1,0.2
774,during,0.1,1.0,1.078073235625366,0.21853626387456734,0.31853626387456735,-0.31853626387456735,-0.5790444392805723,-0.42063406062062936,-0.5219705614003088,-0.39746445951136355,1.1,0.2
775,during,0.1,1.0,1.078073235625366,0.21853626387456734,0.31853626387456735,-0.31853626387456735,-0.6893293359856937,-0.2622292434305381,-0.597550981387929,-0.2563794345273085,1.1,0.2
776,during,0.1,1.0,1.078073235625366,0.21853626387456734,0.31853626387456735,-0.31853626387456735,-0.7258698671646004,-0.08605414944276513,-0.6205320727952748,-0.08584235736743705,1.1,0.2
777,during,0.1,1.0,1.078073235625366,0.21853626387456734,0.31853626387456735,-0.31853626387456735,-0.6963229233257259,0.10511762012172605,-0.6020286031573043,0.10473215054854246,1.1,0.2
778,during,0.1,1.0,1.078073235625366,0.21853626387456734,0.31853626387456735,-0.31853626387456735,-0.615669936201533,0.3046768704112224,-0.5481059944736311,0.2955867350692298,1.1,0.2
779,during,0.1,1.0,1.078073235625366,0.21853626387456734,0.31853626387456735,-0.31853626387456735,-0.4967433086880123,0.49325578357090705,-0.45955208847003126,0.4567966823161357,1.1,0.2
780,during,0.1,1.0,1.078073235625366,0.21853626387456734,0.31853626387456735,-0.31853626387456735,-0.3499244984200015,0.6388442826444871,-0.3363085839469156,0.564112124461929,1.1,0.2
781,during,0.1,1.0,1.078073235625366,0.21853626387456734,0.31853626387456735,-0.31853626387456735,-0.1828751147317885,0.7152806631135679,-0.18086337260590254,0.6139775236553653,1.1,0.2
782,during,0.1,1.0,1.078073235625366,0.21853626387456734,0.31853626387456735,-0.31853626387456735,0.0005901451767773291,0.7195242785100273,0.0005901451082671235,0.6166145436035986,1.1,0.2
783,during,0.1,1.0,1.078073235625366,0.21853626387456734,0.31853626387456735,-0.31853626387456735,0.1970503126165698,0.6645676535384585,0.19453890073870847,0.5813951369365472,1.1,0.2
784,during,0.1,1.0,1.078073235625366,0.21853626387456734,0.31853626387456735,-0.31853626387456735,0.39492261692899155,0.5648188418344626,0.3755961966500942,0.5115440574030663,1.1,0.2
785,during,0.1,1.0,1.078073235625366,0.21853626387456734,0.31853626387456735,-0.31853626387456735,0.5678655398635583,0.4318409479230333,0.513789996358344,0.4068586669384983,1.1,0.2
786,during,0.1,1.0,1.078073235625366,0.21853626387456734,0.31853626387456735,-0.31853626387456735,0.6835024834975612,0.27496269365249554,0.5937916598431457,0.2682365602440679,1.1,0.2
787,during,0.1,1.0,1.078073235625366,0.21853626387456734,0.31853626387456735,-0.31853626387456735,0.7255939677491675,0.10003447956902708,0.6203623821759914,0.09970213156664703,1.1,0.2
788,during,0.1,1.0,1.078073235625366,0.21853626387456734,0.31853626387456735,-0.31853626387456735,0.7005548251023012,-0.09012171588986569,0.6047198284896782,-0.08987851871822848,1.1,0.2
789,during,0.1,1.0,1.078073235625366,0.21853626387456734,0.31853626387456735,-0.31853626387456735,0.6233026945915989,-0.28952082034574683,0.5534233693836998,-0.2816937161415081,1.1,0.2
790,during,0.1,1.0,1.078073235625366,0.21853626387456734,0.31853626387456735,-0.31853626387456735,0.5069012586055185,-0.47997186844036743,0.46752729659266434,-0.44622108033830604,1.1,0.2
791,during,0.1,1.0,1.078073235625366,0.21853626387456734,0.31853626387456735,-0.31853626387456735,0.3618910695877966,-0.629983402200568,0.34687865111330285,-0.5580407865787971,1.1,0.2
792,during,0.1,1.0,1.078073235625366,0.21853626387456734,0.31853626387456735,-0.31853626387456735,0.196204362528646,-0.7121022659414091,0.19372483217938818,-0.6119934165451847,1.1,0.2
793,during,0.1,1.0,1.078073235625366,0.21853626387456734,0.31853626387456735,-0.31853626387456735,0.013907460226479096,-0.7214821070184395,0.013906563647347218,-0.617826514620578,1.1,0.2
794,during,0.1,1.0,1.078073235625366,0.21853626387456734,0.31853626387456735,-0.31853626387456735,-0.18180785562215898,-0.6704919744997089,-0.17983082628779584,-0.5853034098510876,1.1,0.2
795,during,0.1,1.0,1.078073235625366,0.21853626387456734,0.31853626387456735,-0.31853626387456735,-0.38031116216827726,-0.5737173013455309,-0.362977663772825,-0.5180840494928374,1.1,0.2
796,during,0.1,1.0,1.078073235625366,0.21853626387456734,0.31853626387456735,-0.31853626387456735,-0.5563450619417605,-0.44291099867452083,-0.5052605869061864,-0.4160544552197739,1.1,0.2
797,during,0.1,1.0,1.078073235625366,0.21853626387456734,0.31853626387456735,-0.31853626387456735,-0.677236347493999,-0.28759335309896283,-0.5897197943352394,-0.2799182342134792,1.1,0.2
798,during,0.1,1.0,1.078073235625366,0.21853626387456734,0.31853626387456735,-0.31853626387456735,-0.7249252353080445,-0.1139252164486392,-0.6199508404011717,-0.11343488513622374,1.1,0.2
799,during,0.1,1.0,1.078073235625366,0.21853626387456734,0.31853626387456735,-0.31853626387456735,-0.7044855329442893,0.07518571083568694,-0.6072072059754342,0.07504435823520478,1.1,0.2
800,after,0.0,1.0,1.078073235625366,0.21853626387456734,0.21853626387456734,-0.21853626387456734,-0.6307094877438677,0.274320828887186,-0.5585405595834271,0.26764077570029554,1.1,0.2
801,after,0.0,1.0,1.078073235625366,0.21853626387456734,0.21853626387456734,-0.21853626387456734,-0.5436584131160741,0.4105977241582728,-0.495752251679309,0.3889800833307933,1.1,0.2
802,after,0.0,1.0,1.078073235625366,0.21853626387456734,0.21853626387456734,-0.21853626387456734,-0.44945097990374394,0.5276888619196533,-0.42144760554311106,0.48361246377998246,1.1,0.2
803,after,0.0,1.0,1.078073235625366,0.21853626387456734,0.21853626387456734,-0.21853626387456734,-0.34866452275677273,0.6134712387503147,-0.33519064276978716,0.5465659766855969,1.1,0.2
804,after,0.0,1.0,1.078073235625366,0.21853626387456734,0.21853626387456734,-0.21853626387456734,-0.24191557429634636,0.6624894617248038,-0.23730427138670412,0.5800177539131528,1.1,0.2
805,after,0.0,1.0,1.078073235625366,0.21853626387456734,0.21853626387456734,-0.21853626387456734,-0.1290764707604854,0.6771612055516366,-0.12836437966433287,0.5896707822920163,1.1,0.2
806,after,0.0,1.0,1.078073235625366,0.21853626387456734,0.21853626387456734,-0.21853626387456734,-0.009521752445679627,0.6637605601657145,-0.009521464696791557,0.580860606805085,1.1,0.2
807,after,0.0,1.0,1.078073235625366,0.21853626387456734,0.21853626387456734,-0.21853626387456734,0.1166742705895346,0.6282910591471218,0.11614771309826522,0.5568743548019646,1.1,0.2
808,after,0.0,1.0,1.078073235625366,0.21853626387456734,0.21853626387456734,-0.21853626387456734,0.24691298181631505,0.5749688502400719,0.24201463305260726,0.5189990750068133,1.1,0.2
809,after,0.0,1.0,1.078073235625366,0.21853626387456734,0.21853626387456734,-0.21853626387456734,0.37432961733005526,0.506630038368876,0.35777296592554125,0.4673153332838795,1.1,0.2
810,after,0.0,1.0,1.078073235625366,0.21853626387456734,0.21853626387456734,-0.21853626387456734,0.4878308059817893,0.4256137861220075,0.45249307535920097,0.40164918069656586,1.1,0.2
811,after,0.0,1.0,1.078073235625366,0.21853626387456734,0.21853626387456734,-0.21853626387456734,0.5755955851882748,0.3341210857017112,0.5194568436438227,0.32221888059814047,1.1,0.2
812,after,0.0,1.0,1.078073235625366,0.21853626387456734,0.21853626387456734,-0.21853626387456734,0.6304290305105986,0.23385539333202443,0.558347565681174,0.2296835747556044,1.1,0.2
813,after,0.0,1.0,1.078073235625366,0.21853626387456734,0.21853626387456734,-0.21853626387456734,0.6521337570378946,0.1255965236593517,0.5731046451409119,0.12494025735451299,1.1,0.2
814,after,0.0,1.0,1.078073235625366,0.21853626387456734,0.21853626387456734,-0.21853626387456734,0.6451527561887722,0.00945059954779115,0.5683977916559166,0.009450318201422881,1.1,0.2
815,after,0.0,1.0,1.078073235625366,0.21853626387456734,0.21853626387456734,-0.21853626387456734,0.6148396836049714,-0.11402739466194149,0.5475249022104925,-0.11353574740470564,1.1,0.2
816,after,0.0,1.0,1.078073235625366,0.21853626387456734,0.21853626387456734,-0.21853626387456734,0.5654602648574968,-0.24205389707110414,0.512017479164493,-0.2374348004617732,1.1,0.2
817,after,0.0,1.0,1.078073235625366,0.21853626387456734,0.21853626387456734,-0.21853626387456734,0.5001042262528891,-0.36786649051896936,0.4621991218122118,-0.35212414571556205,1.1,0.2
818,after,0.0,1.0,1.078073235625366,0.21853626387456734,0.21853626387456734,-0.21853626387456734,0.4213326075305911,-0.4806228863603406,0.3980524880196434,-0.44674232046996076,1.1,0.2
819,after,0.0,1.0,1.078073235625366,0.21853626387456734,0.21853626387456734,-0.21853626387456734,0.3315003360779043,-0.5686098424776236,0.31986825070284547,-0.5143376083327073,1.1,0.2
820,after,0.0,1.0,1.078073235625366,0.21853626387456734,0.21853626387456734,-0.21853626387456734,0.23243998071383196,-0.6243964220597472,0.22834239646793963,-0.5541816535309327,1.1,0.2
821,after,0.0,1.0,1.078073235625366,0.21853626387456734,0.21853626387456734,-0.21853626387456734,0.12506103812016184,-0.6473495025545769,0.12441309556226551,-0.5698829650691601,1.1,0.2
822,after,0.0,1.0,1.078073235625366,0.21853626387456734,0.21853626387456734,-0.21853626387456734,0.00958633445500462,-0.6415643451611339,0.0095860408114234,-0.565963756166636,1.1,0.2
823,after,0.0,1.0,1.078073235625366,0.21853626387456734,0.21853626387456734,-0.21853626387456734,-0.11334915072666521,-0.6122452754015285,-0.11286619482576794,-0.5457056746901904,1.1,0.2
824,after,0.0,1.0,1.078073235625366,0.21853626387456734,0.21853626387456734,-0.21853626387456734,-0.24093450317048282,-0.5636453258774146,-0.2363782323341241,-0.5106771039211256,1.1,0.2
825,after,0.0,1.0,1.078073235625366,0.21853626387456734,0.21853626387456734,-0.21853626387456734,-0.36643451210106065,-0.4988901020284653,-0.3508690883415369,-0.46124383294451105,1.1,0.2
826,after,0.0,1.0,1.078073235625366,0.21853626387456734,0.21853626387456734,-0.21853626387456734,-0.47906107733616154,-0.4205770117194998,-0.4454913434395926,-0.3974164219921469,1.1,0.2
827,after,0.0,1.0,1.078073235625366,0.21853626387456734,0.21853626387456734,-0.21853626387456734,-0.567122194129575,-0.3310879941639793,-0.5132426702144574,-0.319498049032779,1.1,0.2
828,after,0.0,1.0,1.078073235625366,0.21853626387456734,0.21853626387456734,-0.21853626387456734,-0.6231350960899394,-0.23228015988708567,-0.5533070917356897,-0.2281909032117736,1.1,0.2
829,after,0.0,1.0,1.078073235625366,0.21853626387456734,0.21853626387456734,-0.21853626387456734,-0.6463735541200202,-0.12508884076257135,-0.5692236055726514,-0.12444046776349628,1.1,0.2
830,after,0.0,1.0,1.078073235625366,0.21853626387456734,0.21853626387456734,-0.21853626387456734,-0.6408594891538834,-0.009759937653468886,-0.5654844849796176,-0.009759627766489976,1.1,0.2
831,after,0.0,1.0,1.078073235625366,0.21853626387456734,0.21853626387456734,-0.21853626387456734,-0.6117665210068152,0.1130572731417605,-0.5453694029805565,0.112578025919604,1.1,0.2
832,after,0.0,1.0,1.078073235625366,0.21853626387456734,0.21853626387456734,-0.21853626387456734,-0.5633457757034781,0.24055034842233794,-0.5104556398964099,0.2360155091857395,1.1,0.2
833,after,0.0,1.0,1.078073235625366,0.21853626387456734,0.21853626387456734,-0.21853626387456734,-0.498730615752434,0.3659950720623014,-0.46111826747978424,0.3504836879794876,1.1,0.2
834,after,0.0,1.0,1.078073235625366,0.21853626387456734,0.21853626387456734,-0.21853626387456734,-0.42052586690787713,0.4786181469133028,-0.3973733541071295,0.44513624806741436,1.1,0.2
835,after,0.0,1.0,1.078073235625366,0.21853626387456734,0.21853626387456734,-0.21853626387456734,-0.33111916504578204,0.5667299634180505,-0.31952603774328453,0.5129537019903726,1.1,0.2
836,after,0.0,1.0,1.078073235625366,0.21853626387456734,0.21853626387456734,-0.21853626387456734,-0.23237348380285128,0.622829683729832,-0.22827936576555402,0.5530951451745405,1.1,0.2
837,after,0.0,1.0,1.078073235625366,0.21853626387456734,0.21853626387456734,-0.21853626387456734,-0.1252305278837717,0.6461643924810584,-0.12457995833831986,0.5690821987156653,1.1,0.2
838,after,0.0,1.0,1.078073235625366,0.21853626387456734,0.21853626387456734,-0.21853626387456734,-0.009941221235020184,0.6407375259551005,-0.009940893758027146,0.5654015165607668,1.1,0.2
839,after,0.0,1.0,1.078073235625366,0.21853626387456734,0.21853626387456734,-0.21853626387456734,0.11284372351947995,0.611716688167608,0.11236717771927644,0.5453343908608641,1.1,0.2
840,after,0.0,1.0,1.078073235625366,0.21853626387456734,0.21853626387456734,-0.21853626387456734,0.24031538720295711,0.5633541080522596,0.23579362378602592,0.5104618011008563,1.1,0.2
841,after,0.0,1.0,1.078073235625366,0.21853626387456734,0.21853626387456734,-0.21853626387456734,0.36575720979809484,0.4987857479883087,0.35027502704260927,0.461161675841632,1.1,0.2
842,after,0.0,1.0,1.078073235625366,0.21853626387456734,0.21853626387456734,-0.21853626387456734,0.4784026814431529,0.42061826428254945,0.44496345970878654,0.39745115856361807,1.1,0.2
843,after,0.0,1.0,1.078073235625366,0.21853626387456734,0.21853626387456734,-0.21853626387456734,0.56656068800842,0.3312408044702703,0.512828955749922,0.31963525391553804,1.1,0.2
844,after,0.0,1.0,1.078073235625366,0.21853626387456734,0.21853626387456734,-0.21853626387456734,0.6227190658409965,0.2325184884123757,0.553018362175615,0.22841680942132564,1.1,0.2
845,after,0.0,1.0,1.078073235625366,0.21853626387456734,0.21853626387456734,-0.21853626387456734,0.6461116512079913,0.12539548208017987,0.5690465368734698,0.12474234907961367,1.1,0.2
846,after,0.0,1.0,1.078073235625366,0.21853626387456734,0.21853626387456734,-0.21853626387456734,0.6407345681433866,0.010124083752678675,0.5653995042956086,0.010123737870546223,1.1,0.2
847,after,0.0,1.0,1.078073235625366,0.21853626387456734,0.21853626387456734,-0.21853626387456734,0.6117544768676194,-0.11264616442257187,0.5453609410474306,-0.11217210875128864,1.1,0.2
848,after,0.0,1.0,1.078073235625366,0.21853626387456734,0.21853626387456734,-0.21853626387456734,0.5634253607412597,-0.2401108907480458,0.5105144854712772,-0.2356004877443379,1.1,0.2
849,after,0.0,1.0,1.078073235625366,0.21853626387456734,0.21853626387456734,-0.21853626387456734,0.4988847528269653,-0.36556050844619276,0.4612396217531662,-0.35010244760150366,1.1,0.2
850,after,0.0,1.0,1.078073235625366,0.21853626387456734,0.21853626387456734,-0.21853626387456734,0.4207400105498817,-0.47823366217496877,0.39755366792603647,-0.4448278947905645,1.1,0.2
851,after,0.0,1.0,1.078073235625366,0.21853626387456734,0.21853626387456734,-0.21853626387456734,0.33138094292103537,-0.5664369411114701,0.3197610692473759,-0.5127377476995119,1.1,0.2
852,after,0.0,1.0,1.078073235625366,0.21853626387456734,0.21853626387456734,-0.21853626387456734,0.23267405882083336,-0.6226482320955337,0.22856425782138498,-0.5529691895394481,1.1,0.2
853,after,0.0,1.0,1.078073235625366,0.21853626387456734,0.21853626387456734,-0.21853626387456734,0.12556518825811241,-0.6460908623274779,0.12490941098025986,-0.5690324795564091,1.1,0.2
854,after,0.0,1.0,1.078073235625366,0.21853626387456734,0.21853626387456734,-0.21853626387456734,0.010307260750008582,-0.6407559224097017,0.01030689575235003,-0.5654140319272798,1.1,0.2
855,after,0.0,1.0,1.078073235625366,0.21853626387456734,0.21853626387456734,-0.21853626387456734,-0.11245188162665373,-0.6118101653576897,-0.11198026635614892,-0.5454000655589326,1.1,0.2
856,after,0.0,1.0,1.078073235625366,0.21853626387456734,0.21853626387456734,-0.21853626387456734,-0.239912620720957,-0.5635094643502535,-0.2354132144630354,-0.5105766669038477,1.1,0.2
857,after,0.0,1.0,1.078073235625366,0.21853626387456734,0.21853626387456734,-0.21853626387456734,-0.3653722030318291,-0.4989927149683918,-0.3499372122149967,-0.4613246115814048,1.1,0.2
858,after,0.0,1.0,1.078073235625366,0.21853626387456734,0.21853626387456734,-0.21853626387456734,-0.478074099686728,-0.4208677457330333,-0.44469989614403543,-0.39766120923988396,1.1,0.2
859,after,0.0,1.0,1.078073235625366,0.21853626387456734,0.21853626387456734,-0.21853626387456734,-0.5663224508733913,-0.3315248526792118,-0.5126533519908334,-0.3198902586983894,1.1,0.2
860,after,0.0,1.0,1.078073235625366,0.21853626387456734,0.21853626387456734,-0.21853626387456734,-0.6225854799207622,-0.23283177803315774,-0.552925623894513,-0.22871373213692453,1.1,0.2
861,after,0.0,1.0,1.078073235625366,0.21853626387456734,0.21853626387456734,-0.21853626387456734,-0.6460765609301439,-0.12573585319038638,-0.5690228088436977,-0.12507740955369184,1.1,0.2
862,after,0.0,1.0,1.078073235625366,0.21853626387456734,0.21853626387456734,-0.21853626387456734,-0.6407822104537323,-0.010490488917073812,-0.5654319156011068,-0.010490104106660554,1.1,0.2
863,after,0.0,1.0,1.078073235625366,0.21853626387456734,0.21853626387456734,-0.21853626387456734,-0.611869482937059,0.1122582778345911,-0.5454417371098934,0.11178908613197426,1.1,0.2
864,after,0.0,1.0,1.078073235625366,0.21853626387456734,0.21853626387456734,-0.21853626387456734,-0.5635961691459491,0.23971562118315026,-0.5106407659157796,0.23522712388999442,1.1,0.2
865,after,0.0,1.0,1.078073235625366,0.21853626387456734,0.21853626387456734,-0.21853626387456734,-0.49910248593616013,0.3651855917242171,-0.461411016672301,0.34977344189879783,1.1,0.2
866,after,0.0,1.0,1.078073235625366,0.21853626387456734,0.21853626387456734,-0.21853626387456734,-0.42099668650198585,0.4779164259377883,-0.39776975446665874,0.4445733947710533,1.1,0.2
867,after,0.0,1.0,1.078073235625366,0.21853626387456734,0.21853626387456734,-0.21853626387456734,-0.331669517520479,0.5662097941972302,-0.3200201140084181,0.5125702982091263,1.1,0.2
868,after,0.0,1.0,1.078073235625366,0.21853626387456734,0.21853626387456734,-0.21853626387456734,-0.2329899218305585,0.6225243199558843,-0.2288635980149801,0.5528831607307356,1.1,0.2
869,after,0.0,1.0,1.078073235625366,0.21853626387456734,0.21853626387456734,-0.21853626387456734,-0.1259066993236158,0.6460635336588479,-0.12524557931353067,0.5690139995676314,1.1,0.2
870,after,0.0,1.0,1.078073235625366,0.21853626387456734,0.21853626387456734,-0.21853626387456734,-0.010673713380476554,0.6408094645999919,-0.010673308053448712,0.5654504559499395,1.1,0.2
871,after,0.0,1.0,1.078073235625366,0.21853626387456734,0.21853626387456734,-0.21853626387456734,0.11206482230146267,0.6119295074969727,0.1115980440447749,0.5454839025812096,1.1,0.2
872,after,0.0,1.0,1.078073235625366,0.21853626387456734,0.21853626387456734,-0.21853626387456734,0.2395188785066286,0.563683376236022,0.23504125874056994,0.510705230538132,1.1,0.2
873,after,0.0,1.0,1.078073235625366,0.21853626387456734,0.21853626387456734,-0.21853626387456734,0.36499930333890807,0.49921260179550275,0.34960993365455295,0.4614976844474565,1.1,0.2
874,after,0.0,1.0,1.078073235625366,0.21853626387456734,0.21853626387456734,-0.21853626387456734,0.47775909212764456,0.4211258531915822,0.4444471484515704,0.3978784787154866,1.1,0.2
875,after,0.0,1.0,1.078073235625366,0.21853626387456734,0.21853626387456734,-0.21853626387456734,0.5660974516102308,0.33181431962219154,0.5124874664308254,0.3201500804873232,1.1,0.2
876,after,0.0,1.0,1.078073235625366,0.21853626387456734,0.21853626387456734,-0.21853626387456734,0.6224634236213678,0.23314813696035447,0.5528408777513759,0.22901352063634195,1.1,0.2
877,after,0.0,1.0,1.078073235625366,0.21853626387456734,0.21853626387456734,-0.21853626387456734,0.6460507130400205,0.1260775672534556,0.5690053299061848,0.1254137633304037,1.1,0.2
878,after,0.0,1.0,1.078073235625366,0.21853626387456734,0.21853626387456734,-0.21853626387456734,0.640836872376715,0.010856922703148919,0.5654691002336524,0.010856496144741084,1.1,0.2
879,after,0.0,1.0,1.078073235625366,0.21853626387456734,0.21853626387456734,-0.21853626387456734,0.6119896406412983,-0.1118714065752603,0.5455261415612451,-0.1114070330213448,1.1,0.2
880,after,0.0,1.0,1.078073235625366,0.21853626387456734,0.21853626387456734,-0.21853626387456734,0.5637706557853177,-0.23932218538344602,0.5107697429742507,-0.23485542322068068,1.1,0.2
881,after,0.0,1.0,1.078073235625366,0.21853626387456734,0.21853626387456734,-0.21853626387456734,0.49932276272645915,-0.3648130573454497,0.4615843788831067,-0.34944644132616604,1.1,0.2
882,after,0.0,1.0,1.078073235625366,0.21853626387456734,0.21853626387456734,-0.21853626387456734,0.42125504514495216,-0.4776017813022463,0.3979872130517833,-0.4443209029219831,1.1,0.2
883,after,0.0,1.0,1.078073235625366,0.21853626387456734,0.21853626387456734,-0.21853626387456734,0.33195913242631336,-0.5659851120792746,0.3202800445212733,-0.512404627367687,1.1,0.2
884,after,0.0,1.0,1.078073235625366,0.21853626387456734,0.21853626387456734,-0.21853626387456734,0.23330635104631114,-0.6224025188989514,0.22916343140466258,-0.5527985861002515,1.1,0.2
885,after,0.0,1.0,1.078073235625366,0.21853626387456734,0.21853626387456734,-0.21853626387456734,0.12624842429994393,-0.6460378804820761,0.12558192942762464,-0.568996652044505,1.1,0.2
886,after,0.0,1.0,1.078073235625366,0.21853626387456734,0.21853626387456734,-0.21853626387456734,0.011040114499172346,-0.6408642673968927,0.011039665982795658,-0.5654877352621631,1.1,0.2
887,after,0.0,1.0,1.078073235625366,0.21853626387456734,0.21853626387456734,-0.21853626387456734,-0.11167800850478775,-0.6120497598188438,-0.11121603120332121,-0.5455683679604993,1.1,0.2
888,after,0.0,1.0,1.078073235625366,0.21853626387456734,0.21853626387456734,-0.21853626387456734,-0.2391254994350089,-0.5638579197598946,-0.23466957731049404,-0.5108342381482583,1.1,0.2
889,after,0.0,1.0,1.078073235625366,0.21853626387456734,0.21853626387456734,-0.21853626387456734,-0.36462679637809264,-0.49943290731825235,-0.3492829145681473,-0.46167105164599875,1.1,0.2
890,after,0.0,1.0,1.078073235625366,0.21853626387456734,0.21853626387456734,-0.21853626387456734,-0.4774444286228998,-0.42138422125762465,-0.4441946061471309,-0.39809592287686574,1.1,0.2
891,after,0.0,1.0,1.078073235625366,0.21853626387456734,0.21853626387456734,-0.21853626387456734,-0.5658727119455806,-0.3321039300044999,-0.5123217340709005,-0.3204099828373478,1.1,0.2
892,after,0.0,1.0,1.078073235625366,0.21853626387456734,0.21853626387456734,-0.21853626387456734,-0.6223415500884023,-0.23346454925853324,-0.5527562470945996,-0.22931331626376253,1.1,0.2
893,after,0.0,1.0,1.078073235625366,0.21853626387456734,0.21853626387456734,-0.21853626387456734,-0.6460249912103789,-0.12641926376307638,-0.5689879357032693,-0.1257500710031606,1.1,0.2
894,after,0.0,1.0,1.078073235625366,0.21853626387456734,0.21853626387456734,-0.21853626387456734,-0.6408916155744135,-0.01122328826820182,-0.5655063378508166,-0.01122281705525166,1.1,0.2
895,after,0.0,1.0,1.078073235625366,0.21853626387456734,0.21853626387456734,-0.21853626387456734,-0.6121098399228837,0.11148462357571959,-0.5456105641481885,0.11102503414803395,1.1,0.2
896,after,0.0,1.0,1.078073235625366,0.21853626387456734,0.21853626387456734,-0.21853626387456734,-0.5639451501233612,0.2389288120188278,-0.5108987027344423,0.234483712856587,1.1,0.2
897,after,0.0,1.0,1.078073235625366,0.21853626387456734,0.21853626387456734,-0.21853626387456734,-0.49954302298660674,0.3644405087346982,-0.4617576928382423,0.3491193431067242,1.1,0.2
898,after,0.0,1.0,1.078073235625366,0.21853626387456734,0.21853626387456734,-0.21853626387456734,-0.42151337310414105,0.47728702085067803,-0.3982046011034832,0.444068247487219,1.1,0.2
899,after,0.0,1.0,1.078073235625366,0.21853626387456734,0.21853626387456734,-0.21853626387456734,-0.33224870704135673,0.5657602381898497,-0.3205398906663182,0.5122387769222838,1.1,0.2
900,after,0.0,1.0,1.078073235625366,0.21853626387456734,0.21853626387456734,-0.21853626387456734,-0.23362272855736488,0.622280505778366,-0.2294631723309869,0.5527138528001769,1.1,0.2
901,after,0.0,1.0,1.078073235625366,0.21853626387456734,0.21853626387456734,-0.21853626387456734,-0.12659008426905977,0.6460120360412688,-0.12591818669787974,0.5689791746702236,1.1,0.2
902,after,0.0,1.0,1.078073235625366,0.21853626387456734,0.21853626387456734,-0.21853626387456734,-0.011406443902596597,0.6409189099149931,-0.011405949242417031,0.565524903245185,1.1,0.2
903,after,0.0,1.0,1.078073235625366,0.21853626387456734,0.21853626387456734,-0.21853626387456734,0.11129125087807769,0.6121698758016394,0.11083404097211323,0.5456527265117731,1.1,0.2
904,after,0.0,1.0,1.078073235625366,0.21853626387456734,0.21853626387456734,-0.21853626387456734,0.23873212139309447,0.5640323431741838,0.23429782822439157,0.5109631340041059,1.1,0.2
905,after,0.0,1.0,1.078073235625366,0.21853626387456734,0.21853626387456734,-0.21853626387456734,0.36425419205676324,0.49965310714700023,0.34895572486864634,0.4618443004327791,1.1,0.2
906,after,0.0,1.0,1.078073235625366,0.21853626387456734,0.21853626387456734,-0.21853626387456734,0.4771295553074793,0.42164249895226436,0.44394182477596333,0.39831324627862286,1.1,0.2
907,after,0.0,1.0,1.078073235625366,0.21853626387456734,0.21853626387456734,-0.21853626387456734,0.5656476881591327,0.3323934624438414,0.5121557539464398,0.32066976702890193,1.1,0.2
908,after,0.0,1.0,1.078073235625366,0.21853626387456734,0.21853626387456734,-0.21853626387456734,0.6222193836252112,0.23378088831876345,0.5526714015786158,0.22961299901277962,1.1,0.2
909,after,0.0,1.0,1.078073235625366,0.21853626387456734,0.21853626387456734,-0.21853626387456734,0.6459990130787518,0.12676088553603992,0.568970367661188,0.12608627622746996,1.1,0.2
910,after,0.0,1.0,1.078073235625366,0.21853626387456734,0.21853626387456734,-0.21853626387456734,0.640946148972059,0.011589581376487218,0.565543430464757,0.011589062506369258,1.1,0.2
911,after,0.0,1.0,1.078073235625366,0.21853626387456734,0.21853626387456734,-0.21853626387456734,0.6122298663897604,-0.11109789023846803,0.5456948543092177,-0.11064305151959886,1.1,0.2
912,after,0.0,1.0,1.078073235625366,0.21853626387456734,0.21853626387456734,-0.21853626387456734,0.5641194981464767,-0.23853542722751078,0.5110275313985314,-0.2341119231128858,1.1,0.2
913,after,0.0,1.0,1.078073235625366,0.21853626387456734,0.21853626387456734,-0.21853626387456734,0.49976315926287807,-0.3640678458976639,0.46193087401434935,-0.34879205945888325,1.1,0.2
914,after,0.0,1.0,1.078073235625366,0.21853626387456734,0.21853626387456734,-0.21853626387456734,0.4217715984406426,-0.47697203147668266,0.39842185810314407,-0.4438153375816073,1.1,0.2
915,after,0.0,1.0,1.078073235625366,0.21853626387456734,0.21853626387456734,-0.21853626387456734,0.3325381959838126,-0.5655350613225916,0.32079961172207666,-0.5120726647327124,1.1,0.2
916,after,0.0,1.0,1.078073235625366,0.21853626387456734,0.21853626387456734,-0.21853626387456734,0.23393902841359937,-0.6221581831418529,0.22976279618454856,-0.5526288930806542,1.1,0.2
917,after,0.0,1.0,1.078073235625366,0.21853626387456734,0.21853626387456734,-0.21853626387456734,0.12693166750602383,-0.6459859219190702,0.12625433952796716,-0.5689615144010699,1.1,0.2
918,after,0.0,1.0,1.078073235625366,0.21853626387456734,0.21853626387456734,-0.21853626387456734,0.011772700681033435,-0.6409733324350627,0.011772156826220598,-0.5655619193017905,1.1,0.2
919,after,0.0,1.0,1.078073235625366,0.21853626387456734,0.21853626387456734,-0.21853626387456734,-0.11090454163400996,-0.6122898114587211,-0.11045206578317565,-0.5457369473862728,1.1,0.2
920,after,0.0,1.0,1.078073235625366,0.21853626387456734,0.21853626387456734,-0.21853626387456734,-0.23833872948048135,-0.564206614875546,-0.2339259974938435,-0.5110918948033519,1.1,0.2
921,after,0.0,1.0,1.078073235625366,0.21853626387456734,0.21853626387456734,-0.21853626387456734,-0.36388147020197703,-0.4998731792171128,-0.3486283468258643,-0.462017413497761,1.1,0.2
922,after,0.0,1.0,1.078073235625366,0.21853626387456734,0.21853626387456734,-0.21853626387456734,-0.47681444928407357,-0.42190067148870253,-0.4436887858274778,-0.39853043651421716,1.1,0.2
923,after,0.0,1.0,1.078073235625366,0.21853626387456734,0.21853626387456734,-0.21853626387456734,-0.5654223575838364,-0.3326829076102915,-0.5119895091908192,-0.3209294247018159,1.1,0.2
924,after,0.0,1.0,1.078073235625366,0.21853626387456734,0.21853626387456734,-0.21853626387456734,-0.6220969042213387,-0.2340971488141388,-0.5525863272209839,-0.22991256381777933,1.1,0.2
925,after,0.0,1.0,1.078073235625366,0.21853626387456734,0.21853626387456734,-0.21853626387456734,-0.6459727624640239,-0.12710243016691386,-0.5689526148213961,-0.12642237658058678,1.1,0.2
926,after,0.0,1.0,1.078073235625366,0.21853626387456734,0.21853626387456734,-0.21853626387456734,-0.6410004602260801,-0.011955801810947964,-0.5655803697067745,-0.011955232184643413,1.1,0.2
927,after,0.0,1.0,1.078073235625366,0.21853626387456734,0.21853626387456734,-0.21853626387456734,-0.612349710951358,0.11071120507256399,-0.5457790057090439,0.11026108378588909,1.1,0.2
928,after,0.0,1.0,1.078073235625366,0.21853626387456734,0.21853626387456734,-0.21853626387456734,-0.5642936933198153,0.23814202816944363,-0.5111562241951904,0.23374005139483764,1.1,0.2
929,after,0.0,1.0,1.078073235625366,0.21853626387456734,0.21853626387456734,-0.21853626387456734,-0.49998316697847667,0.3636950649943196,-0.4621039188654158,0.34846458698832444,1.1,0.2
930,after,0.0,1.0,1.078073235625366,0.21853626387456734,0.21853626387456734,-0.21853626387456734,-0.4220297180733778,0.47665680874600386,-0.3986389814974107,0.4435621695096169,1.1,0.2
931,after,0.0,1.0,1.078073235625366,0.21853626387456734,0.21853626387456734,-0.21853626387456734,-0.33282759730858474,0.5653095769354467,-0.32105920595665977,0.5119062872960891,1.1,0.2
932,after,0.0,1.0,1.078073235625366,0.21853626387456734,0.21853626387456734,-0.21853626387456734,-0.23425524951341875,0.6220355468345666,-0.23006230190364282,0.5525437039683443,1.1,0.2
933,after,0.0,1.0,1.078073235625366,0.21853626387456734,0.21853626387456734,-0.21853626387456734,-0.1272731735160231,0.6459595346779822,-0.1265903873758139,0.5689436688959948,1.1,0.2
934,after,0.0,1.0,1.078073235625366,0.21853626387456734,0.21853626387456734,-0.21853626387456734,-0.012138884761692573,0.6410275323148166,-0.01213828856506659,0.5655987816625905,1.1,0.2
935,after,0.0,1.0,1.078073235625366,0.21853626387456734,0.21853626387456734,-0.21853626387456734,0.11051788056825396,0.6124095648455948,0.11007010555697064,0.5458210292682764,1.1,0.2
936,after,0.0,1.0,1.078073235625366,0.21853626387456734,0.21853626387456734,-0.21853626387456734,0.2379453233238889,0.5643807334629186,0.2335540848548498,0.5112205195692997,1.1,0.2
937,after,0.0,1.0,1.078073235625366,0.21853626387456734,0.21853626387456734,-0.21853626387456734,0.3635086303156791,0.500093122533333,0.34830077997940473,0.4621903901135584,1.1,0.2
938,after,0.0,1.0,1.078073235625366,0.21853626387456734,0.21853626387456734,-0.21853626387456734,0.47649910989738137,0.42215873818337724,0.4434354886389823,0.3987474930482061,1.1,0.2
939,after,0.0,1.0,1.078073235625366,0.21853626387456734,0.21853626387456734,-0.21853626387456734,0.5651967193882478,0.33297226507142635,0.5118229990373035,0.32118895548181864,1.1,0.2
940,after,0.0,1.0,1.078073235625366,0.21853626387456734,0.21853626387456734,-0.21853626387456734,0.6219741109683958,0.23441333050872726,0.5525010233025446,0.23021201043734382,1.1,0.2
941,after,0.0,1.0,1.078073235625366,0.21853626387456734,0.21853626387456734,-0.21853626387456734,0.64594623853813,0.12744389755259442,0.5689346766073493,0.12675837190604047,1.1,0.2
942,after,0.0,1.0,1.078073235625366,0.21853626387456734,0.21853626387456734,-0.21853626387456734,0.6410545486807252,0.01232194952889322,0.5656171551587441,0.012321325951090761,1.1,0.2
943,after,0.0,1.0,1.078073235625366,0.21853626387456734,0.21853626387456734,-0.21853626387456734,0.612469373126534,-0.1103245681364662,0.5458630180597548,-0.10987913112689854,1.1,0.2
944,after,0.0,1.0,1.078073235625366,0.21853626387456734,0.21853626387456734,-0.21853626387456734,0.5644677352936514,-0.23774861497575367,0.511284780924747,-0.23336809791518998,1.1,0.2
945,after,0.0,1.0,1.078073235625366,0.21853626387456734,0.21853626387456734,-0.21853626387456734,0.5002030458716487,-0.36332216621038693,0.46227682724127067,-0.34813692583521355,1.1,0.2
946,after,0.0,1.0,1.078073235625366,0.21853626387456734,0.21853626387456734,-0.21853626387456734,0.4222877318098201,-0.47634135277693285,0.3988559711641178,-0.4433087432296165,1.1,0.2
947,after,0.0,1.0,1.078073235625366,0.21853626387456734,0.21853626387456734,-0.21853626387456734,0.33311691089306783,-0.5650837849568356,0.3213186732738703,-0.5117396444060199,1.1,0.2
948,after,0.0,1.0,1.078073235625366,0.21853626387456734,0.21853626387456734,-0.21853626387456734,0.23457139179821995,-0.6219125966129765,0.23036168941491555,-0.5524582852056642,1.1,0.2
949,after,0.0,1.0,1.078073235625366,0.21853626387456734,0.21853626387456734,-0.21853626387456734,0.1276146022762676,-0.6459328740242808,0.12692633016405688,-0.5689256379397086,1.1,0.2
950,after,0.0,1.0,1.078073235625366,0.21853626387456734,0.21853626387456734,-0.21853626387456734,0.012504996108219577,-0.6410815093052499,0.012504344326367852,-0.5656354901860897,1.1,0.2
951,after,0.0,1.0,1.078073235625366,0.21853626387456734,0.21853626387456734,-0.21853626387456734,-0.11013126779282646,-0.6125291357807432,-0.10968816052638727,-0.5459049720802905,1.1,0.2
952,after,0.0,1.0,1.078073235625366,0.21853626387456734,0.21853626387456734,-0.21853626387456734,-0.23755190315745356,-0.5645546988018634,-0.23318209061763853,-0.5113490082613785,1.1,0.2
953,after,0.0,1.0,1.078073235625366,0.21853626387456734,0.21853626387456734,-0.21853626387456734,-0.3631356727234518,-0.5003129369841268,-0.34797302459248497,-0.46236323024821663,1.1,0.2
954,after,0.0,1.0,1.078073235625366,0.21853626387456734,0.21853626387456734,-0.21853626387456734,-0.47618353742418695,-0.4224166989443164,-0.443181933296225,-0.39896441584307796,1.1,0.2
955,after,0.0,1.0,1.078073235625366,0.21853626387456734,0.21853626387456734,-0.21853626387456734,-0.5649707736566119,-0.3332615347680663,-0.5116562233943842,-0.32144835932967303,1.1,0.2
956,after,0.0,1.0,1.078073235625366,0.21853626387456734,0.21853626387456734,-0.21853626387456734,-0.621851003759155,-0.23472943338022614,-0.5524154896602504,-0.23051133883256253,1.1,0.2
957,after,0.0,1.0,1.078073235625366,0.21853626387456734,0.21853626387456734,-0.21853626387456734,-0.6459194411167898,-0.12778528768676492,-0.568916552877677,-0.12709426214274236,1.1,0.2
958,after,0.0,1.0,1.078073235625366,0.21853626387456734,0.21853626387456734,-0.21853626387456734,-0.6411084141702366,-0.012688024495359454,-0.5656537867357492,-0.012687343674575498,1.1,0.2
959,after,0.0,1.0,1.078073235625366,0.21853626387456734,0.21853626387456734,-0.21853626387456734,-0.6125888527950842,0.10993797955299128,-0.5459468913268992,0.10949719378618147,1.1,0.2
960,after,0.0,1.0,1.078073235625366,0.21853626387456734,0.21853626387456734,-0.21853626387456734,-0.5646416239776186,0.23735518790148136,-0.5114132015791986,0.23299606300406606,1.1,0.2
961,after,0.0,1.0,1.078073235625366,0.21853626387456734,0.21853626387456734,-0.21853626387456734,-0.5004227958616223,0.36294914990001415,-0.46244959913418177,0.34780907628809954,1.1,0.2
962,after,0.0,1.0,1.078073235625366,0.21853626387456734,0.21853626387456734,-0.21853626387456734,-0.42254563957857516,0.47602566387885664,-0.399072827083107,0.44305505885368013,1.1,0.2
963,after,0.0,1.0,1.078073235625366,0.21853626387456734,0.21853626387456734,-0.21853626387456734,-0.3334061366910375,0.5648576855031774,-0.3215780136461436,0.5115727359946842,1.1,0.2
964,after,0.0,1.0,1.078073235625366,0.21853626387456734,0.21853626387456734,-0.21853626387456734,-0.2348874552531074,0.6217893323979432,-0.2306609586865263,0.55237263664895,1.1,0.2
965,after,0.0,1.0,1.078073235625366,0.21853626387456734,0.21853626387456734,-0.21853626387456734,-0.12795595378382685,0.6459059397961275,-0.1272621678350018,0.5689074214059247,1.1,0.2
966,after,0.0,1.0,1.078073235625366,0.21853626387456734,0.21853626387456734,-0.21853626387456734,-0.01287103468601393,0.6411352632576082,-0.012870323979412197,0.5656720447988912,1.1,0.2
967,after,0.0,1.0,1.078073235625366,0.21853626387456734,0.21853626387456734,-0.21853626387456734,0.10974470343260492,0.6126485241564736,0.10930623093701342,0.5459887757966327,1.1,0.2
968,after,0.0,1.0,1.078073235625366,0.21853626387456734,0.21853626387456734,-0.21853626387456734,0.23715846924032444,0.5647285108110228,0.2328100151163555,0.5114773608782422,1.1,0.2
969,after,0.0,1.0,1.078073235625366,0.21853626387456734,0.21853626387456734,-0.21853626387456734,0.36276259778523456,0.5005326224950197,0.34764508095898616,0.4625359338989778,1.1,0.2
970,after,0.0,1.0,1.078073235625366,0.21853626387456734,0.21853626387456734,-0.21853626387456734,0.47586773218071293,0.42267455370432305,0.4429281199169196,0.3991812048822449,1.1,0.2
971,after,0.0,1.0,1.078073235625366,0.21853626387456734,0.21853626387456734,-0.21853626387456734,0.5647445205122077,0.33355071665660396,0.5114891821992569,0.3217076362202108,1.1,0.2
972,after,0.0,1.0,1.078073235625366,0.21853626387456734,0.21853626387456734,-0.21853626387456734,0.6217275825204085,0.23504545741522742,0.5523297261544322,0.23081054897305728,1.1,0.2
973,after,0.0,1.0,1.078073235625366,0.21853626387456734,0.21853626387456734,-0.21853626387456734,0.6458923700427909,0.12812660056719832,0.5688982435091284,0.1274300472337523,1.1,0.2
974,after,0.0,1.0,1.078073235625366,0.21853626387456734,0.21853626387456734,-0.21853626387456734,0.6411620565492973,0.013054026675895808,0.5656902643666853,0.013053285224595758,1.1,0.2
975,after,0.0,1.0,1.078073235625366,0.21853626387456734,0.21853626387456734,-0.21853626387456734,0.6127081498518334,-0.10955143944729098,0.5460306254865446,-0.10911527200959467,1.1,0.2
976,after,0.0,1.0,1.078073235625366,0.21853626387456734,0.21853626387456734,-0.21853626387456734,0.5648153592921875,-0.2369617472064482,0.5115414861585492,-0.2326239469963863,1.1,0.2
977,after,0.0,1.0,1.078073235625366,0.21853626387456734,0.21853626387456734,-0.21853626387456734,0.5006424168752098,-0.36257601642427084,0.4626222345424235,-0.34748103864210206,1.1,0.2
978,after,0.0,1.0,1.078073235625366,0.21853626387456734,0.21853626387456734,-0.21853626387456734,0.42280344131328834,-0.4757097423695589,0.39928954923853804,-0.442801116500926,1.1,0.2
979,after,0.0,1.0,1.078073235625366,0.21853626387456734,0.21853626387456734,-0.21853626387456734,0.33369527465938514,-0.5646312786994281,0.3218372270488071,-0.5114055620004706,1.1,0.2
980,after,0.0,1.0,1.078073235625366,0.21853626387456734,0.21853626387456734,-0.21853626387456734,0.2352034398649467,-0.6216657541176531,0.2309601096884093,-0.5522867581593756,1.1,0.2
981,after,0.0,1.0,1.078073235625366,0.21853626387456734,0.21853626387456734,-0.21853626387456734,0.1282972280366262,-0.6458787318372872,0.1275979003319205,-0.5688890191719602,1.1,0.2
982,after,0.0,1.0,1.078073235625366,0.21853626387456734,0.21853626387456734,-0.21853626387456734,0.013237000460729176,-0.6411887940272333,0.013236227393862866,-0.5657084454302935,1.1,0.2
983,after,0.0,1.0,1.078073235625366,0.21853626387456734,0.21853626387456734,-0.21853626387456734,-0.10935818761265106,-0.6127677298680814,-0.10892431703461475,-0.546072440393683,1.1,0.2
984,after,0.0,1.0,1.078073235625366,0.21853626387456734,0.21853626387456734,-0.21853626387456734,-0.23676502183229314,-0.5649021694112241,-0.23243785868603173,-0.5116055774201589,1.1,0.2
985,after,0.0,1.0,1.078073235625366,0.21853626387456734,0.21853626387456734,-0.21853626387456734,-0.362389405862274,-0.5007521789930843,-0.3473169493744293,-0.4627085010643413,1.1,0.2
986,after,0.0,1.0,1.078073235625366,0.21853626387456734,0.21853626387456734,-0.21853626387456734,-0.47555169448522483,-0.4229323023971975,-0.4426740486207226,-0.39939786015003625,1.1,0.2
987,after,0.0,1.0,1.078073235625366,0.21853626387456734,0.21853626387456734,-0.21853626387456734,-0.564517960080609,-0.33383981069399565,-0.5113218753907214,-0.32196678612886637,1.1,0.2
988,after,0.0,1.0,1.078073235625366,0.21853626387456734,0.21853626387456734,-0.21853626387456734,-0.6216038471808095,-0.23536140260062183,-0.5522437326464633,-0.23110964082883925,1.1,0.2
989,after,0.0,1.0,1.078073235625366,0.21853626387456734,0.21853626387456734,-0.21853626387456734,-0.6458650251601299,-0.1284678361918594,-0.5688797483790847,-0.12776572712244288,1.1,0.2
990,after,0.0,1.0,1.078073235625366,0.21853626387456734,0.21853626387456734,-0.21853626387456734,-0.64121547567334,-0.013419956036250444,-0.565726587980868,-0.01341915047097013,1.1,0.2
991,after,0.0,1.0,1.078073235625366,0.21853626387456734,0.21853626387456734,-0.21853626387456734,-0.6128272641921291,0.10916494794426318,-0.5461142205150898,0.10873336604273955,1.1,0.2
992,after,0.0,1.0,1.078073235625366,0.21853626387456734,0.21853626387456734,-0.21853626387456734,-0.5649889411582415,0.23656829315027283,-0.511669634663109,0.23225175022715683,1.1,0.2
993,after,0.0,1.0,1.078073235625366,0.21853626387456734,0.21853626387456734,-0.21853626387456734,-0.5008619088395347,0.36220276614438596,-0.4627947334645557,0.34715281319297253,1.1,0.2
994,after,0.0,1.0,1.078073235625366,0.21853626387456734,0.21853626387456734,-0.21853626387456734,-0.42306113694777453,0.4753935885675663,-0.399506137614792,0.44254691629137216,1.1,0.2
995,after,0.0,1.0,1.078073235625366,0.21853626387456734,0.21853626387456734,-0.21853626387456734,-0.33398432475504414,0.564404564671563,-0.3220963134573233,0.5112381223624313,1.1,0.2
996,after,0.0,1.0,1.078073235625366,0.21853626387456734,0.21853626387456734,-0.21853626387456734,-0.23551934562060403,0.621541861701038,-0.2312591423906056,0.5522006495983828,1.1,0.2
997,after,0.0,1.0,1.078073235625366,0.21853626387456734,0.21853626387456734,-0.21853626387456734,-0.12863842503264772,0.645851249991837,-0.12793352759826446,0.5688704311151579,1.1,0.2
998,after,0.0,1.0,1.078073235625366,0.21853626387456734,0.21853626387456734,-0.21853626387456734,-0.013602893398206986,0.6412421014695336,-0.013602054439692722,0.5657446920095499,1.1,0.2
999,after,0.0,1.0,1.078073235625366,0.21853626387456734,0.21853626387456734,-0.21853626387456734,0.10897172045768291,0.6128867528108805,0.10854241906461247,0.5461559658477991,1.1,0.2
1000,after,0.0,1.0,1.078073235625366,0.21853626387456734,0.21853626387456734,-0.21853626387456734,0.236371561192775,0.5650756745233456,0.23206562166161945,0.5117336578874349,1.1,0.2
1001,after,0.0,1.0,1.078073235625366,0.21853626387456734,0.21853626387456734,-0.21853626387456734,0.3620160973157401,0.5009716064054518,0.34698863013475967,0.4628809317428932,1.1,0.2
1002,after,0.0,1.0,1.078073235625366,0.21853626387456734,0.21853626387456734,-0.21853626387456734,0.47523542465646423,0.4231899449567405,0.4424197195279766,0.39961438163086016,1.1,0.2
1003,after,0.0,1.0,1.078073235625366,0.21853626387456734,0.21853626387456734,-0.21853626387456734,0.5642910924881464,0.33412881683713325,0.5111543029080486,0.3222258090311134,1.1,0.2
1004,after,0.0,1.0,1.078073235625366,0.21853626387456734,0.21853626387456734,-0.21853626387456734,0.6214797976695277,0.23567726892323987,0.5521575089978257,0.23140861436996896,1.1,0.2
1005,after,0.0,1.0,1.078073235625366,0.21853626387456734,0.21853626387456734,-0.21853626387456734,0.6458374063129315,0.12880899455874237,0.5688610673648276,0.12810130175233936,1.1,0.2
1006,after,0.0,1.0,1.078073235625366,0.21853626387456734,0.21853626387456734,-0.21853626387456734,0.6412686713977237,0.013785812542357848,0.5657627575074706,0.013784939283825088,1.1,0.2
1007,after,0.0,1.0,1.078073235625366,0.21853626387456734,0.21853626387456734,-0.21853626387456734,0.6129461957112331,-0.10877850516844292,0.5461976763888384,-0.1083514761308539,1.1,0.2
1008,after,0.0,1.0,1.078073235625366,0.21853626387456734,0.21853626387456734,-0.21853626387456734,0.5651623694966404,-0.236174825992161,0.5117976470931707,-0.23187947303126977,1.1,0.2
1009,after,0.0,1.0,1.078073235625366,0.21853626387456734,0.21853626387456734,-0.21853626387456734,0.5010812716817264,-0.36182939942146164,0.462967095899183,-0.34682440023684225,1.1,0.2
1010,after,0.0,1.0,1.078073235625366,0.21853626387456734,0.21853626387456734,-0.21853626387456734,0.4233187264158142,-0.4750772027918254,0.39972259219629885,-0.442292458345678,1.1,0.2
1011,after,0.0,1.0,1.078073235625366,0.21853626387456734,0.21853626387456734,-0.21853626387456734,0.33427328693486036,-0.5641775435462589,0.3223552728471734,-0.5110704170200489,1.1,0.2
1012,after,0.0,1.0,1.078073235625366,0.21853626387456734,0.21853626387456734,-0.21853626387456734,0.23583517250687133,-0.6214176550774972,0.23155805676319233,-0.5521143108274886,1.1,0.2
1013,after,0.0,1.0,1.078073235625366,0.21853626387456734,0.21853626387456734,-0.21853626387456734,0.12897954476989595,-0.6458234941039427,0.1282690495776309,-0.568851657112734,1.1,0.2
1014,after,0.0,1.0,1.078073235625366,0.21853626387456734,0.21853626387456734,-0.21853626387456734,0.013968713464473703,-0.6412951854398135,0.013967804987180917,-0.5657807844657513,1.1,0.2
1015,after,0.0,1.0,1.078073235625366,0.21853626387456734,0.21853626387456734,-0.21853626387456734,-0.10858530209205289,-0.6130055928800774,-0.10816053727206108,-0.5462393521352278,1.1,0.2
1016,after,0.0,1.0,1.078073235625366,0.21853626387456734,0.21853626387456734,-0.21853626387456734,-0.23597808758076572,-0.5652490260682265,-0.23169330437795005,-0.5118616022803478,1.1,0.2
1017,after,0.0,1.0,1.078073235625366,0.21853626387456734,0.21853626387456734,-0.21853626387456734,-0.3616426725066663,-0.5011909046592486,-0.346660123536294,-0.46305322593325604,1.1,0.2
1018,after,0.0,1.0,1.078073235625366,0.21853626387456734,0.21853626387456734,-0.21853626387456734,-0.47491892301358124,-0.4234474813167113,-0.4421651327596571,-0.39983076930916817,1.1,0.2
1019,after,0.0,1.0,1.078073235625366,0.21853626387456734,0.21853626387456734,-0.21853626387456734,-0.5640639178618426,-0.3344177350428167,-0.5109864646909332,-0.3224847049024405,1.1,0.2
1020,after,0.0,1.0,1.078073235625366,0.21853626387456734,0.21853626387456734,-0.21853626387456734,-0.621355433916193,-0.23599305636983528,-0.5520710550700718,-0.23170746956654042,1.1,0.2
1021,after,0.0,1.0,1.078073235625366,0.21853626387456734,0.21853626387456734,-0.21853626387456734,-0.6458095133454037,-0.12915007566586223,-0.5688422003435085,-0.12843677106711118,1.1,0.2
1022,after,0.0,1.0,1.078073235625366,0.21853626387456734,0.21853626387456734,-0.21853626387456734,-0.6413216435776984,-0.014151596160336455,-0.5657987728755022,-0.014150651533592731,1.1,0.2
1023,after,0.0,1.0,1.078073235625366,0.21853626387456734,0.21853626387456734,-0.21853626387456734,-0.6130649443042965,0.10839211124399978,-0.5462809930839803,0.1079696025188085,1.1,0.2
1024,after,0.0,1.0,1.078073235625366,0.21853626387456734,0.21853626387456734,-0.21853626387456734,-0.5653356442282023,0.23578134599089795,-0.5119255234489964,0.2315071157434951,1.1,0.2
1025,after,0.0,1.0,1.078073235625366,0.21853626387456734,0.21853626387456734,-0.21853626387456734,-0.5013005053289084,0.36145591661646176,-0.4631393218449458,0.34649580007021236,1.1,0.2
1026,after,0.0,1.0,1.078073235625366,0.21853626387456734,0.21853626387456734,-0.21853626387456734,-0.4235762096511452,0.47476058536168897,-0.39993891296753126,0.44203774278513464,1.1,0.2
1027,after,0.0,1.0,1.078073235625366,0.21853626387456734,0.21853626387456734,-0.21853626387456734,-0.3345621611555877,0.5639502154508834,-0.32261410519385303,0.5109024459132298,1.1,0.2
1028,after,0.0,1.0,1.078073235625366,0.21853626387456734,0.21853626387456734,-0.21853626387456734,-0.23615092051046388,0.6212931341768905,-0.2318568527762803,0.55202774170828,1.1,0.2
1029,after,0.0,1.0,1.078073235625366,0.21853626387456734,0.21853626387456734,-0.21853626387456734,-0.12932058724639642,0.645795464017853,-0.1286044662137615,0.5688326970417743,1.1,0.2
1030,after,0.0,1.0,1.078073235625366,0.21853626387456734,0.21853626387456734,-0.21853626387456734,-0.014334460625739912,0.6413480457932675,-0.014333478906912583,0.5658167227278232,1.1,0.2
1031,after,0.0,1.0,1.078073235625366,0.21853626387456734,0.21853626387456734,-0.21853626387456734,0.1081989326397473,0.6131242499707664,0.10777867190164715,0.5463225992321014,1.1,0.2
1032,after,0.0,1.0,1.078073235625366,0.21853626387456734,0.21853626387456734,-0.21853626387456734,0.23558460125483946,0.5654222239666628,0.23132090716973125,0.5119894105991438,1.1,0.2
1033,after,0.0,1.0,1.078073235625366,0.21853626387456734,0.21853626387456734,-0.21853626387456734,0.3612691317959458,0.5014100736815943,0.3463314298757168,0.4632253836340872,1.1,0.2
1034,after,0.0,1.0,1.078073235625366,0.21853626387456734,0.21853626387456734,-0.21853626387456734,0.4746021898761301,0.42370491141082595,0.4419102884373702,0.40004702316945345,1.1,0.2
1035,after,0.0,1.0,1.078073235625366,0.21853626387456734,0.21853626387456734,-0.21853626387456734,0.5638364363294093,0.3347065652677531,0.5108183606794925,0.32274347371834994,1.1,0.2
1036,after,0.0,1.0,1.078073235625366,0.21853626387456734,0.21853626387456734,-0.21853626387456734,0.6212307558508935,0.2363087649270843,0.5519843707248222,0.23200620638868072,1.1,0.2
1037,after,0.0,1.0,1.078073235625366,0.21853626387456734,0.21853626387456734,-0.21853626387456734,0.6457813461018346,0.12949107951125471,0.5688231471921465,0.12877213501057186,1.1,0.2
1038,after,0.0,1.0,1.078073235625366,0.21853626387456734,0.21853626387456734,-0.21853626387456734,0.641374392068403,0.01451730685648886,0.5658346340138041,0.014516287091011116,1.1,0.2
1039,after,0.0,1.0,1.078073235625366,0.21853626387456734,0.21853626387456734,-0.21853626387456734,0.6131835098663567,-0.10800576629473685,0.54636417057659,-0.10758774545110561,1.1,0.2
1040,after,0.0,1.0,1.078073235625366,0.21853626387456734,0.21853626387456734,-0.21853626387456734,0.5655087652737012,-0.23538785340484647,0.5120532637308162,-0.23113467869847776,1.1,0.2
1041,after,0.0,1.0,1.078073235625366,0.21853626387456734,0.21853626387456734,-0.21853626387456734,0.501519609708196,-0.36108231809020835,0.46331141130051834,-0.34616701298995056,1.1,0.2
1042,after,0.0,1.0,1.078073235625366,0.21853626387456734,0.21853626387456734,-0.21853626387456734,0.42383358658746195,-0.47444373659691236,0.4001550999130034,-0.44178276973166336,1.1,0.2
1043,after,0.0,1.0,1.078073235625366,0.21853626387456734,0.21853626387456734,-0.21853626387456734,0.3348509473738872,-0.5637225805134922,0.32287281047287164,-0.5107342089823028,1.1,0.2
1044,after,0.0,1.0,1.078073235625366,0.21853626387456734,0.21853626387456734,-0.21853626387456734,0.23646658961801933,-0.6211682989295357,0.23215553040001308,-0.5519409421024125,1.1,0.2
1045,after,0.0,1.0,1.078073235625366,0.21853626387456734,0.21853626387456734,-0.21853626387456734,0.12966155246019495,-0.6457671595778981,0.12893977745054158,-0.5688135507792327,1.1,0.2
1046,after,0.0,1.0,1.078073235625366,0.21853626387456734,0.21853626387456734,-0.21853626387456734,0.014700134848399965,-0.6414006823849803,0.01469907606977848,-0.5658525067245243,1.1,0.2
1047,after,0.0,1.0,1.078073235625366,0.21853626387456734,0.21853626387456734,-0.21853626387456734,-0.10781261222438655,-0.6132427239779294,-0.10739682319768891,-0.5464057071144375,1.1,0.2
1048,after,0.0,1.0,1.078073235625366,0.21853626387456734,0.21853626387456734,-0.21853626387456734,-0.23519110247314812,-0.5655952681394072,-0.23094843037154533,-0.5121170828440368,1.1,0.2
1049,after,0.0,1.0,1.078073235625366,0.21853626387456734,0.21853626387456734,-0.21853626387456734,-0.3608954755443295,-0.5016291133996011,-0.3460025494500789,-0.46339740484407843,1.1,0.2
1050,after,0.0,1.0,1.078073235625366,0.21853626387456734,0.21853626387456734,-0.21853626387456734,-0.4742852255640675,-0.4239622351727578,-0.4416551866833526,-0.4002631431962515,1.1,0.2
1051,after,0.0,1.0,1.078073235625366,0.21853626387456734,0.21853626387456734,-0.21853626387456734,-0.5636086480192467,-0.3349953074685576,-0.5106499908142679,-0.3230021154543585,1.1,0.2
1052,after,0.0,1.0,1.078073235625366,0.21853626387456734,0.21853626387456734,-0.21853626387456734,-0.6211057634041783,-0.23662439458158604,-0.5518974558237685,-0.23230482480654996,1.1,0.2
1053,after,0.0,1.0,1.078073235625366,0.21853626387456734,0.21853626387456734,-0.21853626387456734,-0.6457529044265968,-0.12983200609297563,-0.5688039077876309,-0.12910739352667833,1.1,0.2
1054,after,0.0,1.0,1.078073235625366,0.21853626387456734,0.21853626387456734,-0.21853626387456734,-0.6414269167248673,-0.01488294459730076,-0.5658703408510523,-0.014881845827123319,1.1,0.2
1055,after,0.0,1.0,1.078073235625366,0.21853626387456734,0.21853626387456734,-0.21853626387456734,-0.6133018922923394,0.10761947044409223,-0.5464472088426278,0.10720590517187963,1.1,0.2
1056,after,0.0,1.0,1.078073235625366,0.21853626387456734,0.21853626387456734,-0.21853626387456734,-0.5656817325538681,0.23499434849194772,-0.5121808679388277,0.23076216223073728,1.1,0.2
1057,after,0.0,1.0,1.078073235625366,0.21853626387456734,0.21853626387456734,-0.21853626387456734,-0.5017385847466981,0.36070860420338113,-0.46348336426460957,0.34583803929329054,1.1,0.2
1058,after,0.0,1.0,1.078073235625366,0.21853626387456734,0.21853626387456734,-0.21853626387456734,-0.4240908571584162,0.4741266568176531,-0.40037115301727155,0.44152753930781624,1.1,0.2
1059,after,0.0,1.0,1.078073235625366,0.21853626387456734,0.21853626387456734,-0.21853626387456734,-0.33513964554632714,0.5634946388628307,-0.32313138865975266,0.510565706168022,1.1,0.2
1060,after,0.0,1.0,1.078073235625366,0.21853626387456734,0.21853626387456734,-0.21853626387456734,-0.23678217981609756,0.6210431492662124,-0.23245408960456684,0.5518539118716128,1.1,0.2
1061,after,0.0,1.0,1.078073235625366,0.21853626387456734,0.21853626387456734,-0.21853626387456734,-0.1300024404093571,0.6457385806284911,-0.12927498323199935,0.5687942182019322,1.1,0.2
1062,after,0.0,1.0,1.078073235625366,0.21853626387456734,0.21853626387456734,-0.21853626387456734,-0.01506573609903078,0.641453095069926,-0.015064596346973907,0.5658881363844467,1.1,0.2
1063,after,0.0,1.0,1.078073235625366,0.21853626387456734,0.21853626387456734,-0.21853626387456734,0.10742634096922637,0.6133610147964349,0.10701499140413674,0.5464886757581381,1.1,0.2
1064,after,0.0,1.0,1.078073235625366,0.21853626387456734,0.21853626387456734,-0.21853626387456734,0.23479759149342178,0.5657681585071684,0.23057587431784857,0.5122446190152082,1.1,0.2
1065,after,0.0,1.0,1.078073235625366,0.21853626387456734,0.21853626387456734,-0.21853626387456734,0.3605217041124255,0.501848023740374,0.3456734825567964,0.4635692895619555,1.1,0.2
1066,after,0.0,1.0,1.078073235625366,0.21853626387456734,0.21853626387456734,-0.21853626387456734,0.47396803039775126,0.4242194525361368,0.4413998276204718,0.4004791293741394,1.1,0.2
1067,after,0.0,1.0,1.078073235625366,0.21853626387456734,0.21853626387456734,-0.21853626387456734,0.5633805530604448,0.335283961601752,0.5104813550362258,0.3232606300859964,1.1,0.2
1068,after,0.0,1.0,1.078073235625366,0.21853626387456734,0.21853626387456734,-0.21853626387456734,0.6209804565070574,0.23693994531986134,0.5518103102286724,0.2326033247903405,1.1,0.2
1069,after,0.0,1.0,1.078073235625366,0.21853626387456734,0.21853626387456734,-0.21853626387456734,0.6457241881641453,0.13017285540910023,0.5687844820067189,0.1294425465595301,1.1,0.2
1070,after,0.0,1.0,1.078073235625366,0.21853626387456734,0.21853626387456734,-0.21853626387456734,0.6414792174020106,0.015248509349440276,0.5659058933157552,0.015247327613276873,1.1,0.2
1071,after,0.0,1.0,1.078073235625366,0.21853626387456734,0.21853626387456734,-0.21853626387456734,0.6134200914770565,-0.10723322381513926,0.5465301078579379,-0.10682408192489679,1.1,0.2
1072,after,0.0,1.0,1.078073235625366,0.21853626387456734,0.21853626387456734,-0.21853626387456734,0.5658545459893897,-0.23460083150972072,0.5123083360731961,-0.2303895666746664,1.1,0.2
1073,after,0.0,1.0,1.078073235625366,0.21853626387456734,0.21853626387456734,-0.21853626387456734,0.5019574303715159,-0.36033477531651614,0.46365518073596224,-0.3455088792778304,1.1,0.2
1074,after,0.0,1.0,1.078073235625366,0.21853626387456734,0.21853626387456734,-0.21853626387456734,0.4243480212976167,-0.4738093463444691,0.40058707226493373,-0.44127205163677613,1.1,0.2
1075,after,0.0,1.0,1.078073235625366,0.21853626387456734,0.21853626387456734,-0.21853626387456734,0.33542825562938317,-0.5632663906283327,0.3233898397300335,-0.5103969374115667,1.1,0.2
1076,after,0.0,1.0,1.078073235625366,0.21853626387456734,0.21853626387456734,-0.21853626387456734,0.23709769109118056,-0.6209176851181617,0.23275253036015023,-0.5517666508776788,1.1,0.2
1077,after,0.0,1.0,1.078073235625366,0.21853626387456734,0.21853626387456734,-0.21853626387456734,0.1303432510919677,-0.6457097270141299,0.12961008350230557,-0.5687746991865655,1.1,0.2
1078,after,0.0,1.0,1.078073235625366,0.21853626387456734,0.21853626387456734,-0.21853626387456734,0.015431264344391488,-0.6415052837029694,0.01543003960999847,-0.5659236116360159,1.1,0.2
1079,after,0.0,1.0,1.078073235625366,0.21853626387456734,0.21853626387456734,-0.21853626387456734,-0.10704011899715793,-0.6134791223210383,-0.1066331767645727,-0.5465715051389901,1.1,0.2
1080,after,0.0,1.0,1.078073235625366,0.21853626387456734,0.21853626387456734,-0.21853626387456734,-0.23440406857296825,-0.5659408949906114,-0.23020323934296966,-0.5123720191128072,1.1,0.2
1081,after,0.0,1.0,1.078073235625366,0.21853626387456734,0.21853626387456734,-0.21853626387456734,-0.3601478178606971,-0.5020668046310104,-0.3453442294936488,-0.46374103778647824,1.1,0.2
1082,after,0.0,1.0,1.078073235625366,0.21853626387456734,0.21853626387456734,-0.21853626387456734,-0.4736506046979384,-0.42447656343455054,-0.4411442113722256,-0.4006949816877362,1.1,0.2
1083,after,0.0,1.0,1.078073235625366,0.21853626387456734,0.21853626387456734,-0.21853626387456734,-0.5631521515827816,-0.33557252762376594,-0.5103124532867587,-0.3235190175888084,1.1,0.2
1084,after,0.0,1.0,1.078073235625366,0.21853626387456734,0.21853626387456734,-0.21853626387456734,-0.620854835091003,-0.23725541712835346,-0.551722933801368,-0.23290170631027735,1.1,0.2
1085,after,0.0,1.0,1.078073235625366,0.21853626387456734,0.21853626387456734,-0.21853626387456734,-0.6456951971590202,-0.13051362745772319,-0.5687648697260382,-0.12977759405336942,1.1,0.2
1086,after,0.0,1.0,1.078073235625366,0.21853626387456734,0.21853626387456734,-0.21853626387456734,-0.6415312939546435,-0.0156140010797578,-0.5659412913362558,-0.015612732321123734,1.1,0.2
1087,after,0.0,1.0,1.078073235625366,0.21853626387456734,0.21853626387456734,-0.21853626387456734,-0.6135381073152073,0.10684702653058681,-0.54661286759825,0.10644227595355465,1.1,0.2
1088,after,0.0,1.0,1.078073235625366,0.21853626387456734,0.21853626387456734,-0.21853626387456734,-0.5660272055009096,0.23420730271526186,-0.5124356681340548,0.23001689236452935,1.1,0.2
1089,after,0.0,1.0,1.078073235625366,0.21853626387456734,0.21853626387456734,-0.21853626387456734,-0.502176146509744,0.3599608317900037,-0.46382686071335394,0.3451795332415309,1.1,0.2
1090,after,0.0,1.0,1.078073235625366,0.21853626387456734,0.21853626387456734,-0.21853626387456734,-0.4246050789386302,0.4734918054983165,-0.4008028576406307,0.44101630684235626,1.1,0.2
1091,after,0.0,1.0,1.078073235625366,0.21853626387456734,0.21853626387456734,-0.21853626387456734,-0.3357167775794394,0.5630378359401218,-0.3236481636592664,0.510227902654543,1.1,0.2
1092,after,0.0,1.0,1.078073235625366,0.21853626387456734,0.21853626387456734,-0.21853626387456734,-0.23741312342967302,0.620791906417088,-0.2330508526370048,0.551679158982481,1.1,0.2
1093,after,0.0,1.0,1.078073235625366,0.21853626387456734,0.21853626387456734,-0.21853626387456734,-0.13068398450613125,0.6456805985793974,-0.12994507820577386,0.5687549936096951,1.1,0.2
1094,after,0.0,1.0,1.078073235625366,0.21853626387456734,0.21853626387456734,-0.21853626387456734,-0.01579671955142367,0.6415572481388666,-0.01579540573065643,0.5659589324074914,1.1,0.2
1095,after,0.0,1.0,1.078073235625366,0.21853626387456734,0.21853626387456734,-0.21853626387456734,0.10665394643070775,0.6135970464463826,0.10625137952220977,0.5466541952326652,1.1,0.2
1096,after,0.0,1.0,1.078073235625366,0.21853626387456734,0.21853626387456734,-0.21853626387456734,0.2340105339686724,0.5661134775103575,0.22983052578110816,0.5124992831369501,1.1,0.2
1097,after,0.0,1.0,1.078073235625366,0.21853626387456734,0.21853626387456734,-0.21853626387456734,0.3597738171494615,0.5022854559986015,0.34501479055877793,0.46391264951644123,1.1,0.2
1098,after,0.0,1.0,1.078073235625366,0.21853626387456734,0.21853626387456734,-0.21853626387456734,0.47333294878578436,0.4247335678015444,0.44088833806274286,0.40091070012170354,1.1,0.2
1099,after,0.0,1.0,1.078073235625366,0.21853626387456734,0.21853626387456734,-0.21853626387456734,0.5629234437167255,0.3358610054909367,0.5101432855076866,0.3237772779383533,1.1,0.2
1100,after,0.0,1.0,1.078073235625366,0.21853626387456734,0.21853626387456734,-0.21853626387456734,0.6207288990879517,0.23757080999342742,0.5516353264037621,0.23319996933661766,1.1,0.2
1101,after,0.0,1.0,1.078073235625366,0.21853626387456734,0.21853626387456734,-0.21853626387456734,0.6456659312558468,0.1308543222369579,0.5687450708220856,0.1301125359525803,1.1,0.2
1102,after,0.0,1.0,1.078073235625366,0.21853626387456734,0.21853626387456734,-0.21853626387456734,0.6415831462374659,0.01597941975528519,0.565976534840729,0.01597805982261959,1.1,0.2
1103,after,0.0,1.0,1.078073235625366,0.21853626387456734,0.21853626387456734,-0.21853626387456734,0.613655939701377,-0.10646087871277965,0.5466954880391768,-0.10606048750088198,1.1,0.2
1104,after,0.0,1.0,1.078073235625366,0.21853626387456734,0.21853626387456734,-0.21853626387456734,0.5661997110090258,-0.23381376236524443,0.5125628641215026,-0.22964413963446068,1.1,0.2
1105,after,0.0,1.0,1.078073235625366,0.21853626387456734,0.21853626387456734,-0.21853626387456734,0.5023947330884686,-0.35958677398408706,0.46399840419559496,-0.34485000148271394,1.1,0.2
1106,after,0.0,1.0,1.078073235625366,0.21853626387456734,0.21853626387456734,-0.21853626387456734,0.42486203001498013,-0.47317403460054835,0.40101850912904435,-0.440760305049,1.1,0.2
1107,after,0.0,1.0,1.078073235625366,0.21853626387456734,0.21853626387456734,-0.21853626387456734,0.3360052113527861,-0.5628089749290092,0.32390636042301657,-0.5100586018389842,1.1,0.2
1108,after,0.0,1.0,1.078073235625366,0.21853626387456734,0.21853626387456734,-0.21853626387456734,0.23772847681790032,-0.620665813095159,0.2333490564054033,-0.5515914360479619,1.1,0.2
1109,after,0.0,1.0,1.078073235625366,0.21853626387456734,0.21853626387456734,-0.21853626387456734,0.13102464064997021,-0.645651195168961,0.1302799672868589,-0.568735101347752,1.1,0.2
1110,after,0.0,1.0,1.078073235625366,0.21853626387456734,0.21853626387456734,-0.21853626387456734,0.016162101687249672,-0.6416089882322624,0.01616069458105513,-0.5659940986269645,1.1,0.2
1111,after,0.0,1.0,1.078073235625366,0.21853626387456734,0.21853626387456734,-0.21853626387456734,-0.10626782339203879,-0.6137147870669959,-0.1058695999198922,-0.5467367460147182,1.1,0.2
1112,after,0.0,1.0,1.078073235625366,0.21853626387456734,0.21853626387456734,-0.21853626387456734,-0.23361698793699592,-0.5662859059869827,-0.22945773396633315,-0.5126264110877199,1.1,0.2
1113,after,0.0,1.0,1.078073235625366,0.21853626387456734,0.21853626387456734,-0.21853626387456734,-0.3593997023388876,-0.5025039777702303,-0.3446851660506855,-0.46408412475067207,1.1,0.2
1114,after,0.0,1.0,1.078073235625366,0.21853626387456734,0.21853626387456734,-0.21853626387456734,-0.4730150629828396,-0.42499046557062137,-0.44063220781678186,-0.4011262846607451,1.1,0.2
1115,after,0.0,1.0,1.078073235625366,0.21853626387456734,0.21853626387456734,-0.21853626387456734,-0.5626944295934321,-0.33614939515950965,-0.5099738516412572,-0.3240354111102044,1.1,0.2
1116,after,0.0,1.0,1.078073235625366,0.21853626387456734,0.21853626387456734,-0.21853626387456734,-0.620602648430304,-0.23788612390137048,-0.5515474878978348,-0.23349811383965108,1.1,0.2
1117,after,0.0,1.0,1.078073235625366,0.21853626387456734,0.21853626387456734,-0.21853626387456734,-0.6456363902993368,-0.13119493974493668,-0.5687250851712281,-0.1304473722016888,1.1,0.2
1118,after,0.0,1.0,1.078073235625366,0.21853626387456734,0.21853626387456734,-0.21853626387456734,-0.6416347741050699,-0.01634476534323577,-0.5660116237571837,-0.01634330999002397,1.1,0.2
1119,after,0.0,1.0,1.078073235625366,0.21853626387456734,0.21853626387456734,-0.21853626387456734,-0.613773588530038,0.10607478048369873,-0.546777969156216,0.10567871680953823,1.1,0.2
1120,after,0.0,1.0,1.078073235625366,0.21853626387456734,0.21853626387456734,-0.21853626387456734,-0.5663720624342934,0.2334202107159185,-0.5126899240356069,0.22927130881846372,1.1,0.2
1121,after,0.0,1.0,1.078073235625366,0.21853626387456734,0.21853626387456734,-0.21853626387456734,-0.5026131900347706,0.359212602258861,-0.464169811181531,0.3445202843000613,1.1,0.2
1122,after,0.0,1.0,1.078073235625366,0.21853626387456734,0.21853626387456734,-0.21853626387456734,-0.4251188744601491,0.4728560339729132,-0.4012340267149001,0.4405040463817814,1.1,0.2
1123,after,0.0,1.0,1.078073235625366,0.21853626387456734,0.21853626387456734,-0.21853626387456734,-0.33629355690562324,0.562579807726496,-0.3241644299968653,0.5098890349073534,1.1,0.2
1124,after,0.0,1.0,1.078073235625366,0.21853626387456734,0.21853626387456734,-0.21853626387456734,-0.23804375124211113,0.6205394050850094,-0.2336471416356518,0.5515034819361401,1.1,0.2
1125,after,0.0,1.0,1.078073235625366,0.21853626387456734,0.21853626387456734,-0.21853626387456734,-0.1313652195216263,0.6456215166275774,-0.13061475069015757,0.5687150222770398,1.1,0.2
1126,after,0.0,1.0,1.078073235625366,0.21853626387456734,0.21853626387456734,-0.21853626387456734,-0.01652741071917306,0.6416605038376956,-0.01652590603360559,0.5660291102223617,1.1,0.2
1127,after,0.0,1.0,1.078073235625366,0.21853626387456734,0.21853626387456734,-0.21853626387456734,0.10588175000295066,0.6138323440772947,0.10548783820009515,0.5468191574605892,1.1,0.2
1128,after,0.0,1.0,1.078073235625366,0.21853626387456734,0.21853626387456734,-0.21853626387456734,0.23322343073397755,0.5664581803410202,0.22908486423258237,0.5127534029651669,1.1,0.2
1129,after,0.0,1.0,1.078073235625366,0.21853626387456734,0.21853626387456734,-0.21853626387456734,0.35902547378899585,0.5027223698729736,0.344355356268233,0.464255463488033,1.1,0.2
1130,after,0.0,1.0,1.078073235625366,0.21853626387456734,0.21853626387456734,-0.21853626387456734,0.4726969476110499,0.4252472566752425,0.44037582075973203,0.40134173528960687,1.1,0.2
1131,after,0.0,1.0,1.078073235625366,0.21853626387456734,0.21853626387456734,-0.21853626387456734,0.5624651093447468,0.3364376965856376,0.5098041516301481,0.32429341707994924,1.1,0.2
1132,after,0.0,1.0,1.078073235625366,0.21853626387456734,0.21853626387456734,-0.21853626387456734,0.6204760830509274,0.23820135883839122,0.5514594181456415,0.23379613978969882,1.1,0.2
1133,after,0.0,1.0,1.078073235625366,0.21853626387456734,0.21853626387456734,-0.21853626387456734,0.6456065741342902,0.1315354799798097,0.5687049126497042,0.13078210274536184,1.1,0.2
1134,after,0.0,1.0,1.078073235625366,0.21853626387456734,0.21853626387456734,-0.21853626387456734,0.641686177411939,0.016710037811002748,0.5660465580134626,0.016708482695898783,1.1,0.2
1135,after,0.0,1.0,1.078073235625366,0.21853626387456734,0.21853626387456734,-0.21853626387456734,0.6138910536955496,-0.10568873196496262,0.5468603109247492,-0.10529696412181438,1.1,0.2
1136,after,0.0,1.0,1.078073235625366,0.21853626387456734,0.21853626387456734,-0.21853626387456734,0.5665442596972223,-0.23302664802311143,0.5128168478764006,-0.2288984002504103,1.1,0.2
1137,after,0.0,1.0,1.078073235625366,0.21853626387456734,0.21853626387456734,-0.21853626387456734,0.5028315172757223,-0.3588383169742708,0.4643410816700405,-0.34419038199261354,1.1,0.2
1138,after,0.0,1.0,1.078073235625366,0.21853626387456734,0.21853626387456734,-0.21853626387456734,0.42537561220757697,-0.47253780393755357,0.4014494103829649,-0.44024753096640507,1.1,0.2
1139,after,0.0,1.0,1.078073235625366,0.21853626387456734,0.21853626387456734,-0.21853626387456734,0.33658181419405725,-0.5623503344647719,0.32442237235640675,-0.5097192018025428,1.1,0.2
1140,after,0.0,1.0,1.078073235625366,0.21853626387456734,0.21853626387456734,-0.21853626387456734,0.23835894668847435,-0.620412682319739,0.23394510829808707,-0.5514152965091076,1.1,0.2
1141,after,0.0,1.0,1.078073235625366,0.21853626387456734,0.21853626387456734,-0.21853626387456734,0.1317057211192582,-0.6455915628000891,0.13094942836040688,-0.5686947562737309,1.1,0.2
1142,after,0.0,1.0,1.078073235625366,0.21853626387456734,0.21853626387456734,-0.21853626387456734,0.016892646614677084,-0.6417117948095935,0.01689103996102104,-0.5660639671214407,1.1,0.2
1143,after,0.0,1.0,1.078073235625366,0.21853626387456734,0.21853626387456734,-0.21853626387456734,-0.10549572638488026,-0.6139497173715799,-0.10510609460492462,-0.5469014295456005,1.1,0.2
1144,after,0.0,1.0,1.078073235625366,0.21853626387456734,0.21853626387456734,-0.21853626387456734,-0.23282986261523236,-0.5666303004929566,-0.22871191691366058,-0.5128802587693069,1.1,0.2
1145,after,0.0,1.0,1.078073235625366,0.21853626387456734,0.21853626387456734,-0.21853626387456734,-0.3586511318596555,-0.5029406322338997,-0.344025361510639,-0.4644266657274188,1.1,0.2
1146,after,0.0,1.0,1.078073235625366,0.21853626387456734,0.21853626387456734,-0.21853626387456734,-0.47237860299275347,-0.4255039410488263,-0.4401191770176124,-0.40155705199307673,1.1,0.2
1147,after,0.0,1.0,1.078073235625366,0.21853626387456734,0.21853626387456734,-0.21853626387456734,-0.5622354831032029,-0.3367259097253812,-0.5096341854174666,-0.3245512958231895,1.1,0.2
1148,after,0.0,1.0,1.078073235625366,0.21853626387456734,0.21853626387456734,-0.21853626387456734,-0.6203492028831553,-0.23851651479061953,-0.5513711170093122,-0.23409404715711374,1.1,0.2
1149,after,0.0,1.0,1.078073235625366,0.21853626387456734,0.21853626387456734,-0.21853626387456734,-0.6455764826055939,-0.1318759429397446,-0.5686845531336217,-0.13111672752840683,1.1,0.2
1150,after,0.0,1.0,1.078073235625366,0.21853626387456734,0.21853626387456734,-0.21853626387456734,-0.6417373560124465,-0.017075237126159493,-0.5660813375372401,-0.0170735778131087,1.1,0.2
1151,after,0.0,1.0,1.078073235625366,0.21853626387456734,0.21853626387456734,-0.21853626387456734,-0.6140083350921558,0.10530273327782677,-0.5469425133200407,0.10491522967963154,1.1,0.2
1152,after,0.0,1.0,1.078073235625366,0.21853626387456734,0.21853626387456734,-0.21853626387456734,-0.5667163027182773,0.23263307454222631,-0.5129436356438828,0.2285254142640381,1.1,0.2
1153,after,0.0,1.0,1.078073235625366,0.21853626387456734,0.21853626387456734,-0.21853626387456734,-0.5030497147383889,0.3584639184901102,-0.4645122156600353,0.34386029485976766,1.1,0.2
1154,after,0.0,1.0,1.078073235625366,0.21853626387456734,0.21853626387456734,-0.21853626387456734,-0.42563224319066134,0.47221934481700356,-0.4016646601180477,0.43999075892920525,1.1,0.2
1155,after,0.0,1.0,1.078073235625366,0.21853626387456734,0.21853626387456734,-0.21853626387456734,-0.3368699831741026,0.5621205552767148,-0.3246801874772498,0.5095491024678758,1.1,0.2
1156,after,0.0,1.0,1.078073235625366,0.21853626387456734,0.21853626387456734,-0.21853626387456734,-0.23867406314308048,0.6202856447329163,-0.23424295636307765,0.5513268796290334,1.1,0.2
1157,after,0.0,1.0,1.078073235625366,0.21853626387456734,0.21853626387456734,-0.21853626387456734,-0.13204614544104226,0.645561333531429,-0.13128400024248435,0.5686743032138698,1.1,0.2
1158,after,0.0,1.0,1.078073235625366,0.21853626387456734,0.21853626387456734,-0.21853626387456734,-0.01725780934142447,0.6417628610022774,-0.017256096236316857,0.566098669251794,1.1,0.2
1159,after,0.0,1.0,1.078073235625366,0.21853626387456734,0.21853626387456734,-0.21853626387456734,0.10510975265890266,0.6140669068440401,0.1047243693761177,0.5469835622449596,1.1,0.2
1160,after,0.0,1.0,1.078073235625366,0.21853626387456734,0.21853626387456734,-0.21853626387456734,0.2324362838359525,0.5668022663632354,0.2283388923432391,0.5130069785001228,1.1,0.2
1161,after,0.0,1.0,1.078073235625366,0.21853626387456734,0.21853626387456734,-0.21853626387456734,0.3582766769105852,0.5031587647800714,0.34369518207747957,0.464597731467759,1.1,0.2
1162,after,0.0,1.0,1.078073235625366,0.21853626387456734,0.21853626387456734,-0.21853626387456734,0.47206002945068126,0.4257605186247504,0.43986227671707356,0.40177223475598556,1.1,0.2
1163,after,0.0,1.0,1.078073235625366,0.21853626387456734,0.21853626387456734,-0.21853626387456734,0.5620055510020242,0.33701403453470913,0.5094639529467528,0.3248090473155414,1.1,0.2
1164,after,0.0,1.0,1.078073235625366,0.21853626387456734,0.21853626387456734,-0.21853626387456734,0.620222007860791,0.23883159174410656,0.5512825843510544,0.23439183591228013,1.1,0.2
1165,after,0.0,1.0,1.078073235625366,0.21853626387456734,0.21853626387456734,-0.21853626387456734,0.6455461155582253,0.13221632862292626,0.5686640064989608,0.13145124649577128,1.1,0.2
1166,after,0.0,1.0,1.078073235625366,0.21853626387456734,0.21853626387456734,-0.21853626387456734,0.6417883097608594,0.017440363256458105,0.566115962256025,0.01743859521481985,1.1,0.2
1167,after,0.0,1.0,1.078073235625366,0.21853626387456734,0.21853626387456734,-0.21853626387456734,0.6141254326139881,-0.10491678454318543,0.5470245763172393,-0.10453351372454217,1.1,0.2
1168,after,0.0,1.0,1.078073235625366,0.21853626387456734,0.21853626387456734,-0.21853626387456734,0.5668881914178788,-0.2322394905282434,0.5130702873380192,-0.22815235119295102,1.1,0.2
1169,after,0.0,1.0,1.078073235625366,0.21853626387456734,0.21853626387456734,-0.21853626387456734,0.5032677823498289,-0.358089407166021,0.4646832131504613,-0.3435300232012769,1.1,0.2
1170,after,0.0,1.0,1.078073235625366,0.21853626387456734,0.21853626387456734,-0.21853626387456734,0.4258887673427589,-0.47190065693418864,0.4018797759050006,-0.439733730397147,1.1,0.2
1171,after,0.0,1.0,1.078073235625366,0.21853626387456734,0.21853626387456734,-0.21853626387456734,0.33715806380168223,-0.5618904702958919,0.32493787533501817,-0.5093787368471081,1.1,0.2
1172,after,0.0,1.0,1.078073235625366,0.21853626387456734,0.21853626387456734,-0.21853626387456734,0.23898910059194142,-0.6201582922585784,0.23454068580102372,-0.5512382311581632,1.1,0.2
1173,after,0.0,1.0,1.078073235625366,0.21853626387456734,0.21853626387456734,-0.21853626387456734,0.13238649248517184,-0.6455308286666188,0.13161846628140747,-0.5686536629733717,1.1,0.2
1174,after,0.0,1.0,1.078073235625366,0.21853626387456734,0.21853626387456734,-0.21853626387456734,0.017622898867257028,-0.6418137022699587,0.017621074732810268,-0.5661332165408457,1.1,0.2
1175,after,0.0,1.0,1.078073235625366,0.21853626387456734,0.21853626387456734,-0.21853626387456734,-0.10472382894573068,-0.6141839123887483,-0.10434266275504155,-0.5470655555337554,1.1,0.2
1176,after,0.0,1.0,1.078073235625366,0.21853626387456734,0.21853626387456734,-0.21853626387456734,-0.23204269465090555,-0.5669740778722532,-0.22796579085485333,-0.5131335621575623,1.1,0.2
1177,after,0.0,1.0,1.078073235625366,0.21853626387456734,0.21853626387456734,-0.21853626387456734,-0.3579021093013489,-0.5033767674385423,-0.34336481826868426,-0.4647686607080152,1.1,0.2
1178,after,0.0,1.0,1.078073235625366,0.21853626387456734,0.21853626387456734,-0.21853626387456734,-0.4717412273079523,-0.4260169893363498,-0.43960511998539487,-0.40198728356320584,1.1,0.2
1179,after,0.0,1.0,1.078073235625366,0.21853626387456734,0.21853626387456734,-0.21853626387456734,-0.5617753131751212,-0.3373020709694977,-0.5092934541619784,-0.3250666715326353,1.1,0.2
1180,after,0.0,1.0,1.078073235625366,0.21853626387456734,0.21853626387456734,-0.21853626387456734,-0.6200944979181063,-0.2391465896848242,-0.5511938200331525,-0.23468950602561334,1.1,0.2
1181,after,0.0,1.0,1.078073235625366,0.21853626387456734,0.21853626387456734,-0.21853626387456734,-0.6455154728372517,-0.132556637027556,-0.5686432726215724,-0.13178565959254207,1.1,0.2
1182,after,0.0,1.0,1.078073235625366,0.21853626387456734,0.21853626387456734,-0.21853626387456734,-0.6418390385113353,-0.01780541616982939,-0.5661504320971583,-0.01780353477449988,1.1,0.2
1183,after,0.0,1.0,1.078073235625366,0.21853626387456734,0.21853626387456734,-0.21853626387456734,-0.6142423461550627,0.10453088588157111,-0.547106499891376,0.10415181649772898,1.1,0.2
1184,after,0.0,1.0,1.078073235625366,0.21853626387456734,0.21853626387456734,-0.21853626387456734,-0.5670599257164014,0.23184589623571877,-0.5131968029587408,0.22777921137061677,1.1,0.2
1185,after,0.0,1.0,1.078073235625366,0.21853626387456734,0.21853626387456734,-0.21853626387456734,-0.5034857200370931,0.3577147833614907,-0.464854074140297,0.3431995673172485,1.1,0.2
1186,after,0.0,1.0,1.078073235625366,0.21853626387456734,0.21853626387456734,-0.21853626387456734,-0.42614518459718415,0.4715817406124233,-0.40209475772871756,0.43947644549782583,1.1,0.2
1187,after,0.0,1.0,1.078073235625366,0.21853626387456734,0.21853626387456734,-0.21853626387456734,-0.3374460560326264,0.5616600796565592,-0.3251954359053494,0.5092081048844285,1.1,0.2
1188,after,0.0,1.0,1.078073235625366,0.21853626387456734,0.21853626387456734,-0.21853626387456734,-0.2393040590209895,0.620030624831233,-0.2348382965823562,0.5511493509588206,1.1,0.2
1189,after,0.0,1.0,1.078073235625366,0.21853626387456734,0.21853626387456734,-0.21853626387456734,-0.13272676224985672,0.6455000480507718,-0.131952826422333,0.5686328354280241,1.1,0.2
1190,after,0.0,1.0,1.078073235625366,0.21853626387456734,0.21853626387456734,-0.21853626387456734,-0.017987915160194698,0.6418643184667422,-0.01798597532411951,0.5661676089158544,1.1,0.2
1191,after,0.0,1.0,1.078073235625366,0.21853626387456734,0.21853626387456734,-0.21853626387456734,0.10433795536571648,0.6143007338996651,0.10396097498269416,0.5471474093869616,1.1,0.2
1192,after,0.0,1.0,1.078073235625366,0.21853626387456734,0.21853626387456734,-0.21853626387456734,0.23164909531443578,0.5671457349403631,0.22759261278190282,0.5132600097415404,1.1,0.2
1193,after,0.0,1.0,1.078073235625366,0.21853626387456734,0.21853626387456734,-0.21853626387456734,0.3575274293913573,0.5035946401363611,0.3430342703845374,0.4649394534471838,1.1,0.2
1194,after,0.0,1.0,1.078073235625366,0.21853626387456734,0.21853626387456734,-0.21853626387456734,0.47142219688807574,0.42627335311691966,0.43934770695048725,0.4022021983996539,1.1,0.2
1195,after,0.0,1.0,1.078073235625366,0.21853626387456734,0.21853626387456734,-0.21853626387456734,0.5615447697570947,0.3375900189855325,0.5091226890075493,0.3253241684501171,1.1,0.2
1196,after,0.0,1.0,1.078073235625366,0.21853626387456734,0.21853626387456734,-0.21853626387456734,0.6199666729898446,0.23946150859866622,0.5511048239179698,0.2349870574675607,1.1,0.2
1197,after,0.0,1.0,1.078073235625366,0.21853626387456734,0.21853626387456734,-0.21853626387456734,0.6454845542878322,0.13289686815185256,0.5686223513771801,0.13211996676394633,1.1,0.2
1198,after,0.0,1.0,1.078073235625366,0.21853626387456734,0.21853626387456734,-0.21853626387456734,0.6418895421179251,0.018170395834383055,0.5661847469878147,0.01816839636591827,1.1,0.2
1199,after,0.0,1.0,1.078073235625366,0.21853626387456734,0.21853626387456734,-0.21853626387456734,0.6143590756092826,-0.10414503741315459,0.5471882840173654,-0.1037701382400042,1.1,0.2
1200,after,0.0,1.0,1.078073235625366,0.21853626387456734,0.21853626387456734,-0.21853626387456734,0.5672315055341749,-0.23145229191878353,0.5133231825059447,-0.22740599513036514,1.1,0.2
